{
  "id": "2897f75f-bee2-48eb-9ba3-45e246dc1da0",
  "alias": "RequestDeletionWebPart",
  "componentType": "WebPart",
  "version": "0.0.1",
  "manifestVersion": 2,
  "requiresCustomScript": false,
  "supportedHosts": [
    "SharePointWebPart"
  ],
  "preconfiguredEntries": [
    {
      "groupId": "5c03119e-3074-46fd-976b-c60198311f70",
      "group": {
        "default": "Other"
      },
      "title": {
        "default": "requestDeletion"
      },
      "description": {
        "default": "Request your ShareBOX Deletion"
      },
      "officeFabricIconFontName": "Page",
      "properties": {
        "description": "requestDeletion"
      }
    }
  ],
  "loaderConfig": {
    "internalModuleBaseUrls": [
      "<!-- PATH TO CDN -->"
    ],
    "entryModuleId": "request-deletion-web-part",
    "scriptResources": {
      "request-deletion-web-part": {
        "type": "path",
        "path": "request-deletion-web-part_740789cbc82dd4c7167a.js"
      },
      "@microsoft/sp-property-pane": {
        "type": "component",
        "id": "f9e737b7-f0df-4597-ba8c-3060f82380db",
        "version": "1.12.1"
      },
      "@microsoft/sp-core-library": {
        "type": "component",
        "id": "7263c7d0-1d6a-45ec-8d85-d4d1d234171b",
        "version": "1.11.0"
      },
      "RequestDeletionWebPartStrings": {
        "type": "localizedPath",
        "paths": {
          "de-DE": "RequestDeletionWebPartStrings_de-de_59620cad278ad6a9ed045c5351febb6d.js",
          "en-US": "RequestDeletionWebPartStrings_en-us_5059c55272c8df10f851fb6c20d49e99.js",
          "fr-FR": "RequestDeletionWebPartStrings_fr-fr_ec6f4460395e62cfae8b049bb3d149e2.js",
          "nl-NL": "RequestDeletionWebPartStrings_nl-nl_86a5216630036513facaf881baa0195f.js"
        },
        "defaultPath": "RequestDeletionWebPartStrings_en-us_5059c55272c8df10f851fb6c20d49e99.js"
      },
      "@microsoft/sp-webpart-base": {
        "type": "component",
        "id": "974a7777-0990-4136-8fa6-95d80114c2e0",
        "version": "1.12.1"
      },
      "react": {
        "type": "component",
        "id": "0d910c1c-13b9-4e1c-9aa4-b008c5e42d7d",
        "version": "16.9.0"
      },
      "react-dom": {
        "type": "component",
        "id": "aa0a46ec-1505-43cd-a44a-93f3a5aa460a",
        "version": "16.9.0"
      }
    }
  }
}