{
  "id": "b40f27b0-b985-4bdb-a7a8-63a3f5e66246",
  "alias": "UserShareBoxWebPart",
  "componentType": "WebPart",
  "version": "0.0.1",
  "manifestVersion": 2,
  "requiresCustomScript": false,
  "supportedHosts": [
    "SharePointWebPart"
  ],
  "preconfiguredEntries": [
    {
      "groupId": "5c03119e-3074-46fd-976b-c60198311f70",
      "group": {
        "default": "Other"
      },
      "title": {
        "default": "UserShareBOX"
      },
      "description": {
        "default": "User ShareBOX"
      },
      "officeFabricIconFontName": "Page",
      "properties": {
        "description": "UserShareBOX"
      }
    }
  ],
  "loaderConfig": {
    "internalModuleBaseUrls": [
      "<!-- PATH TO CDN -->"
    ],
    "entryModuleId": "user-share-box-web-part",
    "scriptResources": {
      "user-share-box-web-part": {
        "type": "path",
        "path": "user-share-box-web-part_994cff21a67ee5c34612.js"
      },
      "@microsoft/sp-property-pane": {
        "type": "component",
        "id": "f9e737b7-f0df-4597-ba8c-3060f82380db",
        "version": "1.12.1"
      },
      "UserShareBoxWebPartStrings": {
        "type": "localizedPath",
        "paths": {
          "de-DE": "UserShareBoxWebPartStrings_de-de_6981369f8ca6dbc8016472754d9f4932.js",
          "en-US": "UserShareBoxWebPartStrings_en-us_8d6dcfb06182cab07d27abca0e60419a.js",
          "fr-FR": "UserShareBoxWebPartStrings_fr-fr_daa1ab19bc108eb85180393fdaa65b48.js",
          "nl-NL": "UserShareBoxWebPartStrings_nl-nl_1212e1ae37ed1f433e5c9d8b0d9d2c42.js"
        },
        "defaultPath": "UserShareBoxWebPartStrings_en-us_8d6dcfb06182cab07d27abca0e60419a.js"
      },
      "@microsoft/sp-core-library": {
        "type": "component",
        "id": "7263c7d0-1d6a-45ec-8d85-d4d1d234171b",
        "version": "1.11.0"
      },
      "@microsoft/sp-webpart-base": {
        "type": "component",
        "id": "974a7777-0990-4136-8fa6-95d80114c2e0",
        "version": "1.12.1"
      },
      "react": {
        "type": "component",
        "id": "0d910c1c-13b9-4e1c-9aa4-b008c5e42d7d",
        "version": "16.9.0"
      },
      "react-dom": {
        "type": "component",
        "id": "aa0a46ec-1505-43cd-a44a-93f3a5aa460a",
        "version": "16.9.0"
      }
    }
  }
}