{
  "id": "0a326380-199e-4723-bc1e-130982d99421",
  "alias": "ApprovalWorkflowWebPart",
  "componentType": "WebPart",
  "version": "0.0.1",
  "manifestVersion": 2,
  "requiresCustomScript": false,
  "supportedHosts": [
    "SharePointWebPart",
    "TeamsPersonalApp",
    "TeamsTab",
    "SharePointFullPage"
  ],
  "supportsThemeVariants": true,
  "preconfiguredEntries": [
    {
      "groupId": "5c03119e-3074-46fd-976b-c60198311f70",
      "group": {
        "default": "Other"
      },
      "title": {
        "default": "approvalWorkflow"
      },
      "description": {
        "default": "approval site request"
      },
      "officeFabricIconFontName": "Page",
      "properties": {
        "description": "approvalWorkflow"
      }
    }
  ],
  "loaderConfig": {
    "internalModuleBaseUrls": [
      "<!-- PATH TO CDN -->"
    ],
    "entryModuleId": "approval-workflow-web-part",
    "scriptResources": {
      "approval-workflow-web-part": {
        "type": "path",
        "path": "approval-workflow-web-part_27edf9a766b283bb9907.js"
      },
      "@microsoft/sp-property-pane": {
        "type": "component",
        "id": "f9e737b7-f0df-4597-ba8c-3060f82380db",
        "version": "1.13.1"
      },
      "ApprovalWorkflowWebPartStrings": {
        "type": "localizedPath",
        "paths": {
          "en-US": "ApprovalWorkflowWebPartStrings_en-us_7e8b01091b0b7f4909ed1b37df3772ee.js",
          "fr-FR": "ApprovalWorkflowWebPartStrings_fr-fr_7a7d99e291e06ed1c844d527578eb425.js"
        },
        "defaultPath": "ApprovalWorkflowWebPartStrings_en-us_7e8b01091b0b7f4909ed1b37df3772ee.js"
      },
      "@microsoft/sp-core-library": {
        "type": "component",
        "id": "7263c7d0-1d6a-45ec-8d85-d4d1d234171b",
        "version": "1.13.1"
      },
      "@microsoft/sp-webpart-base": {
        "type": "component",
        "id": "974a7777-0990-4136-8fa6-95d80114c2e0",
        "version": "1.13.1"
      },
      "react": {
        "type": "component",
        "id": "0d910c1c-13b9-4e1c-9aa4-b008c5e42d7d",
        "version": "16.13.1"
      },
      "react-dom": {
        "type": "component",
        "id": "aa0a46ec-1505-43cd-a44a-93f3a5aa460a",
        "version": "16.13.1"
      }
    }
  }
}