{
  "id": "4b31fad0-0a3d-4af6-bbe0-4926bd02c196",
  "alias": "AccessDelegationWebPart",
  "componentType": "WebPart",
  "version": "0.0.1",
  "manifestVersion": 2,
  "requiresCustomScript": false,
  "supportedHosts": [
    "SharePointWebPart",
    "TeamsPersonalApp",
    "TeamsTab",
    "SharePointFullPage"
  ],
  "supportsThemeVariants": true,
  "preconfiguredEntries": [
    {
      "groupId": "5c03119e-3074-46fd-976b-c60198311f70",
      "group": {
        "default": "Other"
      },
      "title": {
        "default": "AccessDelegation"
      },
      "description": {
        "default": "AccessDelegation description"
      },
      "officeFabricIconFontName": "Page",
      "properties": {
        "description": "AccessDelegation"
      }
    }
  ],
  "loaderConfig": {
    "internalModuleBaseUrls": [
      "<!-- PATH TO CDN -->"
    ],
    "entryModuleId": "access-delegation-web-part",
    "scriptResources": {
      "access-delegation-web-part": {
        "type": "path",
        "path": "access-delegation-web-part_05b63dbfba60388fb9a4.js"
      },
      "@microsoft/sp-property-pane": {
        "type": "component",
        "id": "f9e737b7-f0df-4597-ba8c-3060f82380db",
        "version": "1.13.1"
      },
      "@microsoft/sp-core-library": {
        "type": "component",
        "id": "7263c7d0-1d6a-45ec-8d85-d4d1d234171b",
        "version": "1.13.1"
      },
      "@microsoft/sp-webpart-base": {
        "type": "component",
        "id": "974a7777-0990-4136-8fa6-95d80114c2e0",
        "version": "1.13.1"
      },
      "react": {
        "type": "component",
        "id": "0d910c1c-13b9-4e1c-9aa4-b008c5e42d7d",
        "version": "16.13.1"
      },
      "react-dom": {
        "type": "component",
        "id": "aa0a46ec-1505-43cd-a44a-93f3a5aa460a",
        "version": "16.13.1"
      },
      "AccessDelegationWebPartStrings": {
        "type": "localizedPath",
        "paths": {
          "en-US": "AccessDelegationWebPartStrings_en-us_6c941c8b9996e651bb227932361a2aa0.js",
          "fr-FR": "AccessDelegationWebPartStrings_fr-fr_75e0611aefe8696d9092eac33f8b3a61.js"
        },
        "defaultPath": "AccessDelegationWebPartStrings_en-us_6c941c8b9996e651bb227932361a2aa0.js"
      }
    }
  }
}