{
  "id": "df51af43-f706-4b21-a4e9-0c6ffe7370ee",
  "alias": "AccessApprovalWebPart",
  "componentType": "WebPart",
  "version": "0.0.1",
  "manifestVersion": 2,
  "requiresCustomScript": false,
  "supportedHosts": [
    "SharePointWebPart",
    "TeamsPersonalApp",
    "TeamsTab",
    "SharePointFullPage"
  ],
  "supportsThemeVariants": true,
  "preconfiguredEntries": [
    {
      "groupId": "5c03119e-3074-46fd-976b-c60198311f70",
      "group": {
        "default": "Other"
      },
      "title": {
        "default": "AccessApproval"
      },
      "description": {
        "default": "Approval access delegation"
      },
      "officeFabricIconFontName": "Page",
      "properties": {
        "description": "AccessApproval"
      }
    }
  ],
  "loaderConfig": {
    "internalModuleBaseUrls": [
      "<!-- PATH TO CDN -->"
    ],
    "entryModuleId": "access-approval-web-part",
    "scriptResources": {
      "access-approval-web-part": {
        "type": "path",
        "path": "access-approval-web-part_f2e73b794a62dda8e7ef.js"
      },
      "@microsoft/sp-property-pane": {
        "type": "component",
        "id": "f9e737b7-f0df-4597-ba8c-3060f82380db",
        "version": "1.13.1"
      },
      "@microsoft/sp-core-library": {
        "type": "component",
        "id": "7263c7d0-1d6a-45ec-8d85-d4d1d234171b",
        "version": "1.13.1"
      },
      "@microsoft/sp-webpart-base": {
        "type": "component",
        "id": "974a7777-0990-4136-8fa6-95d80114c2e0",
        "version": "1.13.1"
      },
      "react": {
        "type": "component",
        "id": "0d910c1c-13b9-4e1c-9aa4-b008c5e42d7d",
        "version": "16.13.1"
      },
      "react-dom": {
        "type": "component",
        "id": "aa0a46ec-1505-43cd-a44a-93f3a5aa460a",
        "version": "16.13.1"
      },
      "AccessApprovalWebPartStrings": {
        "type": "localizedPath",
        "paths": {
          "en-US": "AccessApprovalWebPartStrings_en-us_c9339d079c7f93dc9e7a5a81def763f7.js",
          "fr-FR": "AccessApprovalWebPartStrings_fr-fr_0f48168829798747fc16ecb75d4155b9.js"
        },
        "defaultPath": "AccessApprovalWebPartStrings_en-us_c9339d079c7f93dc9e7a5a81def763f7.js"
      }
    }
  }
}