{
  "$schema": "https://developer.microsoft.com/json-schemas/core-build/serve.schema.json",
  "port": 4321,
  "https": true,
  "initialPage": "https://tizsp.sharepoint.com/sites/ShareBOX/_layouts/workbench.aspx",
  "serveConfigurations": {
    "default": {
      "pageUrl": "https://tizsp.sharepoint.com/sites/ShareBOX/SitePages/Home.aspx",
      "customActions": {
        "869cf973-431e-40e8-aa57-4d15e5aef3c7": {
          "location": "ClientSideExtension.ApplicationCustomizer",
          "properties": {
            "testMessage": "Test message"
          }
        }
      }
    },
    "siteAttributesExtension": {
      "pageUrl": "https://tizsp.sharepoint.com/sites/ShareBOX/SitePages/Home.aspx",
      "customActions": {
        "869cf973-431e-40e8-aa57-4d15e5aef3c7": {
          "location": "ClientSideExtension.ApplicationCustomizer",
          "properties": {
            "testMessage": "Test message"
          }
        }
      }
    }
  }
}
