{
  "id": "869cf973-431e-40e8-aa57-4d15e5aef3c7",
  "alias": "SiteAttributesExtensionApplicationCustom",
  "componentType": "Extension",
  "extensionType": "ApplicationCustomizer",
  "version": "0.0.1",
  "manifestVersion": 2,
  "requiresCustomScript": false,
  "loaderConfig": {
    "internalModuleBaseUrls": [
      "<!-- PATH TO CDN -->"
    ],
    "entryModuleId": "site-attributes-extension-application-customizer",
    "scriptResources": {
      "site-attributes-extension-application-customizer": {
        "type": "path",
        "path": "site-attributes-extension-application-customizer_9d20cc25f79e5cdd088c.js"
      },
      "sp-init": {
        "type": "path",
        "path": "https://afatestretention.sharepoint.com/_layouts/15/init.js",
        "globalName": "$_global_init"
      },
      "@microsoft/sp-application-base": {
        "type": "component",
        "id": "4df9bb86-ab0a-4aab-ab5f-48bf167048fb",
        "version": "1.13.1"
      },
      "SiteAttributesExtensionApplicationCustomizerStrings": {
        "type": "path",
        "path": "SiteAttributesExtensionApplicationCustomizerStrings_en-us_3bf4c734f5af1f914fcddc8159d5d570.js"
      },
      "@microsoft/sp-core-library": {
        "type": "component",
        "id": "7263c7d0-1d6a-45ec-8d85-d4d1d234171b",
        "version": "1.13.1"
      },
      "react": {
        "type": "component",
        "id": "0d910c1c-13b9-4e1c-9aa4-b008c5e42d7d",
        "version": "16.13.1"
      },
      "react-dom": {
        "type": "component",
        "id": "aa0a46ec-1505-43cd-a44a-93f3a5aa460a",
        "version": "16.13.1"
      },
      "microsoft-ajax": {
        "type": "path",
        "path": "https://afatestretention.sharepoint.com/_layouts/15/MicrosoftAjax.js",
        "globalName": "Sys"
      },
      "sp-runtime": {
        "type": "path",
        "path": "https://afatestretention.sharepoint.com/_layouts/15/SP.Runtime.js",
        "globalName": "SP"
      },
      "sharepoint": {
        "type": "path",
        "path": "https://afatestretention.sharepoint.com/_layouts/15/SP.js",
        "globalName": "SP"
      },
      "@microsoft/decorators": {
        "type": "component",
        "id": "f97266fb-ccb7-430e-9384-4124d05295d3",
        "version": "1.13.1"
      },
      "SiteRetentionAttributeStrings": {
        "type": "localizedPath",
        "paths": {
          "en-US": "SiteRetentionAttributeStrings_en-us_678fece738a009b5b1c9cb5e08332834.js",
          "fr-FR": "SiteRetentionAttributeStrings_fr-fr_6153813c6afb0c0b48903794f593be2f.js"
        },
        "defaultPath": "SiteRetentionAttributeStrings_en-us_678fece738a009b5b1c9cb5e08332834.js"
      }
    }
  }
}