{
  "id": "6c5c571d-20ae-49c0-bc67-af49de5d4b3f",
  "alias": "EveryoneCertificationWebPart",
  "componentType": "WebPart",
  "version": "0.0.1",
  "manifestVersion": 2,
  "requiresCustomScript": false,
  "supportedHosts": [
    "SharePointWebPart",
    "TeamsPersonalApp",
    "TeamsTab",
    "SharePointFullPage"
  ],
  "supportsThemeVariants": true,
  "preconfiguredEntries": [
    {
      "groupId": "5c03119e-3074-46fd-976b-c60198311f70",
      "group": {
        "default": "Other"
      },
      "title": {
        "default": "EveryoneCertification"
      },
      "description": {
        "default": "EveryoneCertification description"
      },
      "officeFabricIconFontName": "Page",
      "properties": {
        "description": "EveryoneCertification"
      }
    }
  ],
  "loaderConfig": {
    "internalModuleBaseUrls": [
      "<!-- PATH TO CDN -->"
    ],
    "entryModuleId": "everyone-certification-web-part",
    "scriptResources": {
      "everyone-certification-web-part": {
        "type": "path",
        "path": "everyone-certification-web-part_7f1b201dfb3dcbcd7f35.js"
      },
      "@microsoft/sp-property-pane": {
        "type": "component",
        "id": "f9e737b7-f0df-4597-ba8c-3060f82380db",
        "version": "1.13.1"
      },
      "@microsoft/office-ui-fabric-react-bundle": {
        "type": "component",
        "id": "02a01e42-69ab-403d-8a16-acd128661f8e",
        "version": "1.13.1"
      },
      "EveryoneCertificationWebPartStrings": {
        "type": "localizedPath",
        "paths": {
          "en-US": "EveryoneCertificationWebPartStrings_en-us_9a0b6002a18a839c814113912d9065bc.js",
          "fr-FR": "EveryoneCertificationWebPartStrings_fr-fr_b16770e24e5f0c0018a38b2885ad941f.js"
        },
        "defaultPath": "EveryoneCertificationWebPartStrings_en-us_9a0b6002a18a839c814113912d9065bc.js"
      },
      "@microsoft/sp-core-library": {
        "type": "component",
        "id": "7263c7d0-1d6a-45ec-8d85-d4d1d234171b",
        "version": "1.13.1"
      },
      "@microsoft/sp-webpart-base": {
        "type": "component",
        "id": "974a7777-0990-4136-8fa6-95d80114c2e0",
        "version": "1.13.1"
      },
      "react": {
        "type": "component",
        "id": "0d910c1c-13b9-4e1c-9aa4-b008c5e42d7d",
        "version": "16.13.1"
      },
      "react-dom": {
        "type": "component",
        "id": "aa0a46ec-1505-43cd-a44a-93f3a5aa460a",
        "version": "16.13.1"
      }
    }
  }
}