{
  "id": "c6232e05-e986-4fa7-b751-1691980d0482",
  "alias": "OwnerCertificationWebPart",
  "componentType": "WebPart",
  "version": "0.0.1",
  "manifestVersion": 2,
  "requiresCustomScript": false,
  "supportedHosts": [
    "SharePointWebPart",
    "TeamsPersonalApp",
    "TeamsTab",
    "SharePointFullPage"
  ],
  "supportsThemeVariants": true,
  "preconfiguredEntries": [
    {
      "groupId": "5c03119e-3074-46fd-976b-c60198311f70",
      "group": {
        "default": "Other"
      },
      "title": {
        "default": "Owner_Certification"
      },
      "description": {
        "default": "Owner_Certification description"
      },
      "officeFabricIconFontName": "Page",
      "properties": {
        "description": "Owner_Certification"
      }
    }
  ],
  "loaderConfig": {
    "internalModuleBaseUrls": [
      "<!-- PATH TO CDN -->"
    ],
    "entryModuleId": "owner-certification-web-part",
    "scriptResources": {
      "owner-certification-web-part": {
        "type": "path",
        "path": "owner-certification-web-part_f1241604aed6fbfa1816.js"
      },
      "@microsoft/sp-property-pane": {
        "type": "component",
        "id": "f9e737b7-f0df-4597-ba8c-3060f82380db",
        "version": "1.13.1"
      },
      "@microsoft/office-ui-fabric-react-bundle": {
        "type": "component",
        "id": "02a01e42-69ab-403d-8a16-acd128661f8e",
        "version": "1.13.1"
      },
      "@microsoft/sp-core-library": {
        "type": "component",
        "id": "7263c7d0-1d6a-45ec-8d85-d4d1d234171b",
        "version": "1.13.1"
      },
      "@microsoft/sp-webpart-base": {
        "type": "component",
        "id": "974a7777-0990-4136-8fa6-95d80114c2e0",
        "version": "1.13.1"
      },
      "react": {
        "type": "component",
        "id": "0d910c1c-13b9-4e1c-9aa4-b008c5e42d7d",
        "version": "16.13.1"
      },
      "react-dom": {
        "type": "component",
        "id": "aa0a46ec-1505-43cd-a44a-93f3a5aa460a",
        "version": "16.13.1"
      },
      "OwnerCertificationWebPartStrings": {
        "type": "localizedPath",
        "paths": {
          "en-US": "OwnerCertificationWebPartStrings_en-us_c7500fa13ce6b5449056b93a5ac6447c.js",
          "fr-FR": "OwnerCertificationWebPartStrings_fr-fr_31790779ae8a233680fc3aff41e07297.js"
        },
        "defaultPath": "OwnerCertificationWebPartStrings_en-us_c7500fa13ce6b5449056b93a5ac6447c.js"
      }
    }
  }
}