﻿{
  "datasourcePermissions": [ "Reader" ],
  "snapshotRGPermissions": [ "Reader" ],
  "keyVaultPermissions": [],
  "dataSourceOverSnapshotRGPermissions": [ "Contributor" ],
  "isProxyResource": true,
  "enableDataSourceSetInfo": true,
  "resourceType": "Microsoft.ContainerService/managedclusters",
  "parentResourceType": "Microsoft.ContainerService/managedClusters",
  "datasourceType": "Microsoft.ContainerService/managedClusters",
  "allowedRestoreModes": [ "RecoveryPointBased" ],
  "allowedRestoreTargetTypes": [ "AlternateLocation", "OriginalLocation" ],
  "itemLevelRecoveyEnabled": true,
  "addBackupDatasourceParametersList": true,
  "backupConfigurationRequired":  true,
  "addDataStoreParametersList": true,
  "friendlyNameRequired": true,
  "supportSecretStoreAuthentication": false,
  "policySettings": {
    "supportedRetentionTags": [ "Daily", "Weekly" ],
    "supportedDatastoreTypes": [ "OperationalStore" ],
    "disableAddRetentionRule": false,
    "disableCustomRetentionTag": true,
    "backupScheduleSupported": true,
    "supportedBackupFrequency": [ "Daily", "Hourly" ],
    "defaultPolicy": {
      "policyRules": [
        {
          "backupParameters": {
            "backupType": "Incremental",
            "objectType": "AzureBackupParams"
          },
          "trigger": {
            "schedule": {
              "repeatingTimeIntervals": [
                "R/2023-01-04T09:00:00+00:00/PT4H"
              ]
            },
            "taggingCriteria": [
              {
                "tagInfo": {
                  "tagName": "Default",
                  "id": "Default_"
                },
                "taggingPriority": 99,
                "isDefault": true
              }
            ],
            "objectType": "ScheduleBasedTriggerContext"
          },
          "dataStore": {
            "dataStoreType": "OperationalStore",
            "objectType": "DataStoreInfoBase"
          },
          "name": "BackupHourly",
          "objectType": "AzureBackupRule"
        },
        {
          "lifecycles": [
            {
              "deleteAfter": {
                "objectType": "AbsoluteDeleteOption",
                "duration": "P7D"
              },
              "sourceDataStore": {
                "dataStoreType": "OperationalStore",
                "objectType": "DataStoreInfoBase"
              }
            }
          ],
          "isDefault": true,
          "name": "Default",
          "objectType": "AzureRetentionRule"
        }
      ],
      "name": "AKSPolicy1",
      "datasourceTypes": [
        "Microsoft.ContainerService/managedClusters"
      ],
      "objectType": "BackupPolicy"
    }
  }
}