{
  "id": "023ce58e-22d5-42f8-bfb5-b77639d9dcab",
  "alias": "TeamShareBoxWebPart",
  "componentType": "WebPart",
  "version": "0.0.1",
  "manifestVersion": 2,
  "requiresCustomScript": false,
  "supportedHosts": [
    "SharePointWebPart"
  ],
  "preconfiguredEntries": [
    {
      "groupId": "5c03119e-3074-46fd-976b-c60198311f70",
      "group": {
        "default": "Other"
      },
      "title": {
        "default": "TeamShareBOX"
      },
      "description": {
        "default": "Team ShareBOX"
      },
      "officeFabricIconFontName": "Page",
      "properties": {
        "description": "TeamShareBOX"
      }
    }
  ],
  "loaderConfig": {
    "internalModuleBaseUrls": [
      "<!-- PATH TO CDN -->"
    ],
    "entryModuleId": "team-share-box-web-part",
    "scriptResources": {
      "team-share-box-web-part": {
        "type": "path",
        "path": "team-share-box-web-part_95835041e2aa3db9d5b4.js"
      },
      "@microsoft/sp-property-pane": {
        "type": "component",
        "id": "f9e737b7-f0df-4597-ba8c-3060f82380db",
        "version": "1.13.1"
      },
      "@microsoft/sp-lodash-subset": {
        "type": "component",
        "id": "73e1dc6c-8441-42cc-ad47-4bd3659f8a3a",
        "version": "1.13.1"
      },
      "ControlStrings": {
        "type": "localizedPath",
        "paths": {
          "bg-BG": "ControlStrings_bg-bg_fa0f6836fe7f7ee3bf29073b276d1531.js",
          "ca-ES": "ControlStrings_ca-es_3a6b8bce582f27439a7ccd10216e3a41.js",
          "da-DK": "ControlStrings_da-dk_f39cfb7a80dad747f369923d11195f82.js",
          "de-DE": "ControlStrings_de-de_326acd973333ba8b7409194e7449d004.js",
          "el-GR": "ControlStrings_el-gr_a4d4294a5385fa7f628502201c71e9fe.js",
          "en-US": "ControlStrings_en-us_0b10329b18350155d534458be0fe197a.js",
          "es-ES": "ControlStrings_es-es_1378d5881e22b58f8b42c60e700b425c.js",
          "et-EE": "ControlStrings_et-ee_32b1b8ffcdeda837d4cc8b21a2ed55e9.js",
          "eu-ES": "ControlStrings_eu-es_511321cb9b07e1ffa35c0ea620681a6b.js",
          "fi-FI": "ControlStrings_fi-fi_946fd07a32274613ef329327c39c724c.js",
          "fr-FR": "ControlStrings_fr-fr_14c4c0a3bf68272a3798b4e510a4aff5.js",
          "it-IT": "ControlStrings_it-it_0b183d5e25be0f26f1fbe141fc73b6d4.js",
          "ja-JP": "ControlStrings_ja-jp_a04cf76005cf85eaac98378445f467c9.js",
          "lt-LT": "ControlStrings_lt-lt_5257b69eac9e4e5db8738829aaf16d74.js",
          "lv-LV": "ControlStrings_lv-lv_3fd3a1b292eadaed5cc61b80c848937c.js",
          "nb-NO": "ControlStrings_nb-no_34e037a386dfeca33da95f594a622e07.js",
          "nl-NL": "ControlStrings_nl-nl_3184187449ba1c39ede126e5b687db3d.js",
          "pl-PL": "ControlStrings_pl-pl_d0055d37eff20ffeabe9938e4b808bd0.js",
          "pt-PT": "ControlStrings_pt-pt_8013076ec280ba5871927db6550cceb6.js",
          "ro-RO": "ControlStrings_ro-ro_2e8f31f8578d8a6e9c9d801992238b38.js",
          "ru-RU": "ControlStrings_ru-ru_07a003ddec7e25aa15e9d31f647187b1.js",
          "sk-SK": "ControlStrings_sk-sk_6f2307f29f2be5a75de14484eeda4e45.js",
          "sr-Latn-RS": "ControlStrings_sr-latn-rs_1103271d75e8d077d6cc2b98975708b9.js",
          "sv-SE": "ControlStrings_sv-se_f50379b73e0c5f97cbad79c390783226.js",
          "tr-TR": "ControlStrings_tr-tr_aaba90d9dc0d8ff9e4256512bea6932d.js",
          "vi-VN": "ControlStrings_vi-vn_b3252a807a9cfffb773227a5811f9c08.js",
          "zh-CN": "ControlStrings_zh-cn_89616f440aedbee8e2049bcc3f7b7658.js",
          "zh-TW": "ControlStrings_zh-tw_0bbafa42bb08c83cd21ac49d02b44315.js"
        },
        "defaultPath": "ControlStrings_en-us_0b10329b18350155d534458be0fe197a.js"
      },
      "@microsoft/sp-core-library": {
        "type": "component",
        "id": "7263c7d0-1d6a-45ec-8d85-d4d1d234171b",
        "version": "1.13.1"
      },
      "TeamShareBoxWebPartStrings": {
        "type": "localizedPath",
        "paths": {
          "de-DE": "TeamShareBoxWebPartStrings_de-de_c69c484cc303d02e0063653aa13069c1.js",
          "en-US": "TeamShareBoxWebPartStrings_en-us_d5118773099ff5b4b74696c8f77d1bb9.js",
          "fr-FR": "TeamShareBoxWebPartStrings_fr-fr_74f9b25bb3fed095694a1b9b6ad95852.js",
          "nl-NL": "TeamShareBoxWebPartStrings_nl-nl_de6cac7ed28e2035e3845275a0e080b3.js"
        },
        "defaultPath": "TeamShareBoxWebPartStrings_en-us_d5118773099ff5b4b74696c8f77d1bb9.js"
      },
      "@microsoft/sp-webpart-base": {
        "type": "component",
        "id": "974a7777-0990-4136-8fa6-95d80114c2e0",
        "version": "1.13.1"
      },
      "react": {
        "type": "component",
        "id": "0d910c1c-13b9-4e1c-9aa4-b008c5e42d7d",
        "version": "16.13.1"
      },
      "react-dom": {
        "type": "component",
        "id": "aa0a46ec-1505-43cd-a44a-93f3a5aa460a",
        "version": "16.13.1"
      },
      "@microsoft/sp-http": {
        "type": "component",
        "id": "c07208f0-ea3b-4c1a-9965-ac1b825211a6",
        "version": "1.13.1"
      }
    }
  }
}