{
  "id": "4caf4fdc-37a8-4ac0-baf4-f283a7235a0e",
  "alias": "RequestTeamDeletionWebPart",
  "componentType": "WebPart",
  "version": "0.0.1",
  "manifestVersion": 2,
  "requiresCustomScript": false,
  "supportedHosts": [
    "SharePointWebPart",
    "TeamsPersonalApp",
    "TeamsTab",
    "SharePointFullPage"
  ],
  "supportsThemeVariants": true,
  "preconfiguredEntries": [
    {
      "groupId": "5c03119e-3074-46fd-976b-c60198311f70",
      "group": {
        "default": "Other"
      },
      "title": {
        "default": "RequestTeamDeletion"
      },
      "description": {
        "default": "Requet Team Deletion"
      },
      "officeFabricIconFontName": "Page",
      "properties": {
        "description": "RequestTeamDeletion"
      }
    }
  ],
  "loaderConfig": {
    "internalModuleBaseUrls": [
      "<!-- PATH TO CDN -->"
    ],
    "entryModuleId": "request-team-deletion-web-part",
    "scriptResources": {
      "request-team-deletion-web-part": {
        "type": "path",
        "path": "request-team-deletion-web-part_87292e56787b376467d1.js"
      },
      "@microsoft/sp-property-pane": {
        "type": "component",
        "id": "f9e737b7-f0df-4597-ba8c-3060f82380db",
        "version": "1.13.1"
      },
      "RequestTeamDeletionWebPartStrings": {
        "type": "localizedPath",
        "paths": {
          "en-US": "RequestTeamDeletionWebPartStrings_en-us_ee5393977d4ee1a209ce79f9ee547121.js",
          "fr-FR": "RequestTeamDeletionWebPartStrings_fr-fr_b47d994ebb3355bab7c962fcf74e70c2.js"
        },
        "defaultPath": "RequestTeamDeletionWebPartStrings_en-us_ee5393977d4ee1a209ce79f9ee547121.js"
      },
      "@microsoft/sp-core-library": {
        "type": "component",
        "id": "7263c7d0-1d6a-45ec-8d85-d4d1d234171b",
        "version": "1.13.1"
      },
      "@microsoft/sp-webpart-base": {
        "type": "component",
        "id": "974a7777-0990-4136-8fa6-95d80114c2e0",
        "version": "1.13.1"
      },
      "react": {
        "type": "component",
        "id": "0d910c1c-13b9-4e1c-9aa4-b008c5e42d7d",
        "version": "16.13.1"
      },
      "react-dom": {
        "type": "component",
        "id": "aa0a46ec-1505-43cd-a44a-93f3a5aa460a",
        "version": "16.13.1"
      }
    }
  }
}