{
  "id": "9750e862-c720-4d8d-9f07-50e5567eea71",
  "alias": "RenameTeamShareBoxWebPart",
  "componentType": "WebPart",
  "version": "0.0.1",
  "manifestVersion": 2,
  "requiresCustomScript": false,
  "supportedHosts": [
    "SharePointWebPart",
    "TeamsPersonalApp",
    "TeamsTab",
    "SharePointFullPage"
  ],
  "supportsThemeVariants": true,
  "preconfiguredEntries": [
    {
      "groupId": "5c03119e-3074-46fd-976b-c60198311f70",
      "group": {
        "default": "Other"
      },
      "title": {
        "default": "RenameTeamShareBOX"
      },
      "description": {
        "default": "Rename team ShareBOX Request"
      },
      "officeFabricIconFontName": "Page",
      "properties": {
        "description": "RenameTeamShareBOX"
      }
    }
  ],
  "loaderConfig": {
    "internalModuleBaseUrls": [
      "<!-- PATH TO CDN -->"
    ],
    "entryModuleId": "rename-team-share-box-web-part",
    "scriptResources": {
      "rename-team-share-box-web-part": {
        "type": "path",
        "path": "rename-team-share-box-web-part_aed80474da76190f6d1b.js"
      },
      "@microsoft/sp-property-pane": {
        "type": "component",
        "id": "f9e737b7-f0df-4597-ba8c-3060f82380db",
        "version": "1.13.1"
      },
      "RenameTeamShareBoxWebPartStrings": {
        "type": "localizedPath",
        "paths": {
          "en-US": "RenameTeamShareBoxWebPartStrings_en-us_9239d93621a617b45474544b0c6cf9af.js",
          "fr-FR": "RenameTeamShareBoxWebPartStrings_fr-fr_a9c2aae6cb6ab69846f248b82826e429.js"
        },
        "defaultPath": "RenameTeamShareBoxWebPartStrings_en-us_9239d93621a617b45474544b0c6cf9af.js"
      },
      "@microsoft/sp-core-library": {
        "type": "component",
        "id": "7263c7d0-1d6a-45ec-8d85-d4d1d234171b",
        "version": "1.13.1"
      },
      "@microsoft/sp-webpart-base": {
        "type": "component",
        "id": "974a7777-0990-4136-8fa6-95d80114c2e0",
        "version": "1.13.1"
      },
      "react": {
        "type": "component",
        "id": "0d910c1c-13b9-4e1c-9aa4-b008c5e42d7d",
        "version": "16.13.1"
      },
      "react-dom": {
        "type": "component",
        "id": "aa0a46ec-1505-43cd-a44a-93f3a5aa460a",
        "version": "16.13.1"
      }
    }
  }
}