[{"id":"73e1dc6c-8441-42cc-ad47-4bd3659f8a3a","alias":"SPLodashSubset","componentType":"Library","version":"1.13.1","manifestVersion":2,"loaderConfig":{"internalModuleBaseUrls":["https://localhost:4321/node_modules/@microsoft/sp-lodash-subset/dist/"],"entryModuleId":"sp-lodash-subset","scriptResources":{"sp-lodash-subset":{"type":"path","path":"sp-lodash-subset_99fd9f0c8cc7cfb3f65e.js"}}}},{"id":"7263c7d0-1d6a-45ec-8d85-d4d1d234171b","alias":"SPCoreLibrary","componentType":"Library","version":"1.13.1","manifestVersion":2,"loaderConfig":{"internalModuleBaseUrls":["https://localhost:4321/node_modules/@microsoft/sp-core-library/dist/","https://localhost:4321/dist/"],"entryModuleId":"sp-core-library","scriptResources":{"sp-core-library":{"type":"localizedPath","paths":{"default":"sp-core-library_default_2b80e22238ca589d7953.js","en-US":"sp-core-library_en-us_2b80e22238ca589d7953.js","qps-ploca":"sp-core-library_qps-ploca_2b80e22238ca589d7953.js","qps-ploc":"sp-core-library_qps-ploc_2b80e22238ca589d7953.js","en-GB":"sp-core-library_en-us_2b80e22238ca589d7953.js","en-NZ":"sp-core-library_en-us_2b80e22238ca589d7953.js","en-IE":"sp-core-library_en-us_2b80e22238ca589d7953.js","en-AU":"sp-core-library_en-us_2b80e22238ca589d7953.js","bn":"sp-core-library_en-us_2b80e22238ca589d7953.js","chr":"sp-core-library_en-us_2b80e22238ca589d7953.js","dv":"sp-core-library_en-us_2b80e22238ca589d7953.js","div":"sp-core-library_en-us_2b80e22238ca589d7953.js","en":"sp-core-library_en-us_2b80e22238ca589d7953.js","fil":"sp-core-library_en-us_2b80e22238ca589d7953.js","haw":"sp-core-library_en-us_2b80e22238ca589d7953.js","iu":"sp-core-library_en-us_2b80e22238ca589d7953.js","lo":"sp-core-library_en-us_2b80e22238ca589d7953.js","moh":"sp-core-library_en-us_2b80e22238ca589d7953.js","sq":"sp-core-library_en-us_2b80e22238ca589d7953.js","am":"sp-core-library_en-us_2b80e22238ca589d7953.js","hy":"sp-core-library_en-us_2b80e22238ca589d7953.js","mk":"sp-core-library_en-us_2b80e22238ca589d7953.js","bs":"sp-core-library_en-us_2b80e22238ca589d7953.js","my":"sp-core-library_en-us_2b80e22238ca589d7953.js","dz":"sp-core-library_en-us_2b80e22238ca589d7953.js","en-CY":"sp-core-library_en-us_2b80e22238ca589d7953.js","en-EG":"sp-core-library_en-us_2b80e22238ca589d7953.js","en-IL":"sp-core-library_en-us_2b80e22238ca589d7953.js","en-IS":"sp-core-library_en-us_2b80e22238ca589d7953.js","en-JO":"sp-core-library_en-us_2b80e22238ca589d7953.js","en-KE":"sp-core-library_en-us_2b80e22238ca589d7953.js","en-KW":"sp-core-library_en-us_2b80e22238ca589d7953.js","en-MK":"sp-core-library_en-us_2b80e22238ca589d7953.js","en-MT":"sp-core-library_en-us_2b80e22238ca589d7953.js","en-PK":"sp-core-library_en-us_2b80e22238ca589d7953.js","en-QA":"sp-core-library_en-us_2b80e22238ca589d7953.js","en-SA":"sp-core-library_en-us_2b80e22238ca589d7953.js","en-LK":"sp-core-library_en-us_2b80e22238ca589d7953.js","en-AE":"sp-core-library_en-us_2b80e22238ca589d7953.js","en-VN":"sp-core-library_en-us_2b80e22238ca589d7953.js","is":"sp-core-library_en-us_2b80e22238ca589d7953.js","km":"sp-core-library_en-us_2b80e22238ca589d7953.js","kh":"sp-core-library_en-us_2b80e22238ca589d7953.js","mt":"sp-core-library_en-us_2b80e22238ca589d7953.js","fa":"sp-core-library_en-us_2b80e22238ca589d7953.js","gd":"sp-core-library_en-us_2b80e22238ca589d7953.js","sr-Cyrl-BA":"sp-core-library_en-us_2b80e22238ca589d7953.js","sr-Latn-BA":"sp-core-library_en-us_2b80e22238ca589d7953.js","sd":"sp-core-library_en-us_2b80e22238ca589d7953.js","si":"sp-core-library_en-us_2b80e22238ca589d7953.js","so":"sp-core-library_en-us_2b80e22238ca589d7953.js","ti-ET":"sp-core-library_en-us_2b80e22238ca589d7953.js","uz":"sp-core-library_en-us_2b80e22238ca589d7953.js","en-SG":"sp-core-library_en-us_2b80e22238ca589d7953.js","en-HK":"sp-core-library_en-us_2b80e22238ca589d7953.js","en-MY":"sp-core-library_en-us_2b80e22238ca589d7953.js","en-PH":"sp-core-library_en-us_2b80e22238ca589d7953.js","en-TT":"sp-core-library_en-us_2b80e22238ca589d7953.js","en-AZ":"sp-core-library_en-us_2b80e22238ca589d7953.js","en-BH":"sp-core-library_en-us_2b80e22238ca589d7953.js","en-BN":"sp-core-library_en-us_2b80e22238ca589d7953.js","en-ID":"sp-core-library_en-us_2b80e22238ca589d7953.js","mi":"sp-core-library_en-us_2b80e22238ca589d7953.js"},"defaultPath":"sp-core-library_default_2b80e22238ca589d7953.js"},"tslib":{"type":"component","id":"01c4df03-e775-48cb-aa14-171ee5199a15","version":"1.10.0"},"@ms/odsp-core-bundle":{"type":"component","id":"2e09fb9b-13bb-48f2-859f-97d6fff71176","version":"1.1.192"},"@microsoft/sp-lodash-subset":{"type":"component","id":"73e1dc6c-8441-42cc-ad47-4bd3659f8a3a","version":"1.13.1"}}}},{"id":"29bd516f-4ece-40b7-8028-597cbc65a223","alias":"SpOfficeUIFabricCore","componentType":"Library","version":"1.13.1","manifestVersion":2,"loaderConfig":{"internalModuleBaseUrls":["https://localhost:4321/node_modules/@microsoft/sp-office-ui-fabric-core/dist/","http://localhost:4321/dist/"],"entryModuleId":"office-ui-fabric-core","scriptResources":{"office-ui-fabric-core":{"type":"path","path":"office-ui-fabric-core_none_ad92dbcc22590a12f238.js"},"@microsoft/load-themed-styles":{"type":"component","id":"229b8d08-79f3-438b-8c21-4613fc877abd","version":"0.1.2"}}}},{"id":"02a01e42-69ab-403d-8a16-acd128661f8e","alias":"OfficeUIFabricReact","componentType":"Library","version":"1.13.1","manifestVersion":2,"loaderConfig":{"internalModuleBaseUrls":["https://localhost:4321/node_modules/@microsoft/sp-property-pane/node_modules/@microsoft/office-ui-fabric-react-bundle/dist/","https://localhost:4321/dist/"],"entryModuleId":"office-ui-fabric-react-bundle","scriptResources":{"office-ui-fabric-react-bundle":{"type":"path","path":"office-ui-fabric-react-bundle_none_5fd2b01b79ffcb7ab08e.js"},"tslib":{"type":"component","id":"01c4df03-e775-48cb-aa14-171ee5199a15","version":"1.10.0"},"react":{"type":"component","id":"0d910c1c-13b9-4e1c-9aa4-b008c5e42d7d","version":"16.13.1"},"react-dom":{"type":"component","id":"aa0a46ec-1505-43cd-a44a-93f3a5aa460a","version":"16.13.1"},"@ms/uifabric-styling-bundle":{"type":"component","id":"17ce0976-e69a-4355-be84-89b69a74717d","version":"0.1.2"}}}},{"manifestVersion":2,"id":"78359e4b-07c2-43c6-8d0b-d060b4d577e8","alias":"SPDiagnostics","componentType":"Library","version":"1.13.1","loaderConfig":{"internalModuleBaseUrls":["https://localhost:4321/node_modules/@microsoft/sp-property-pane/node_modules/@microsoft/sp-diagnostics/dist/","https://localhost:4321/dist/"],"entryModuleId":"sp-diagnostics","scriptResources":{"sp-diagnostics":{"type":"path","path":"sp-diagnostics_none_dfc6091fe88daa98827f.js"},"tslib":{"type":"component","id":"01c4df03-e775-48cb-aa14-171ee5199a15","version":"1.10.0"},"@microsoft/sp-lodash-subset":{"type":"component","id":"73e1dc6c-8441-42cc-ad47-4bd3659f8a3a","version":"1.13.1"},"@microsoft/sp-core-library":{"type":"component","id":"7263c7d0-1d6a-45ec-8d85-d4d1d234171b","version":"1.13.1"}}}},{"manifestVersion":2,"id":"e40f8203-b39d-425a-a957-714852e33b79","alias":"SPDynamicData","componentType":"Library","version":"1.13.1","loaderConfig":{"internalModuleBaseUrls":["https://localhost:4321/node_modules/@microsoft/sp-property-pane/node_modules/@microsoft/sp-dynamic-data/dist/","https://localhost:4321/dist/"],"entryModuleId":"sp-dynamic-data","scriptResources":{"sp-dynamic-data":{"type":"localizedPath","paths":{"default":"sp-dynamic-data_default_88c90f0400b828932010.js","en-US":"sp-dynamic-data_en-us_88c90f0400b828932010.js","qps-ploca":"sp-dynamic-data_qps-ploca_88c90f0400b828932010.js","qps-ploc":"sp-dynamic-data_qps-ploc_88c90f0400b828932010.js","en-GB":"sp-dynamic-data_en-us_88c90f0400b828932010.js","en-NZ":"sp-dynamic-data_en-us_88c90f0400b828932010.js","en-IE":"sp-dynamic-data_en-us_88c90f0400b828932010.js","en-AU":"sp-dynamic-data_en-us_88c90f0400b828932010.js","bn":"sp-dynamic-data_en-us_88c90f0400b828932010.js","chr":"sp-dynamic-data_en-us_88c90f0400b828932010.js","dv":"sp-dynamic-data_en-us_88c90f0400b828932010.js","div":"sp-dynamic-data_en-us_88c90f0400b828932010.js","en":"sp-dynamic-data_en-us_88c90f0400b828932010.js","fil":"sp-dynamic-data_en-us_88c90f0400b828932010.js","haw":"sp-dynamic-data_en-us_88c90f0400b828932010.js","iu":"sp-dynamic-data_en-us_88c90f0400b828932010.js","lo":"sp-dynamic-data_en-us_88c90f0400b828932010.js","moh":"sp-dynamic-data_en-us_88c90f0400b828932010.js","sq":"sp-dynamic-data_en-us_88c90f0400b828932010.js","am":"sp-dynamic-data_en-us_88c90f0400b828932010.js","hy":"sp-dynamic-data_en-us_88c90f0400b828932010.js","mk":"sp-dynamic-data_en-us_88c90f0400b828932010.js","bs":"sp-dynamic-data_en-us_88c90f0400b828932010.js","my":"sp-dynamic-data_en-us_88c90f0400b828932010.js","dz":"sp-dynamic-data_en-us_88c90f0400b828932010.js","en-CY":"sp-dynamic-data_en-us_88c90f0400b828932010.js","en-EG":"sp-dynamic-data_en-us_88c90f0400b828932010.js","en-IL":"sp-dynamic-data_en-us_88c90f0400b828932010.js","en-IS":"sp-dynamic-data_en-us_88c90f0400b828932010.js","en-JO":"sp-dynamic-data_en-us_88c90f0400b828932010.js","en-KE":"sp-dynamic-data_en-us_88c90f0400b828932010.js","en-KW":"sp-dynamic-data_en-us_88c90f0400b828932010.js","en-MK":"sp-dynamic-data_en-us_88c90f0400b828932010.js","en-MT":"sp-dynamic-data_en-us_88c90f0400b828932010.js","en-PK":"sp-dynamic-data_en-us_88c90f0400b828932010.js","en-QA":"sp-dynamic-data_en-us_88c90f0400b828932010.js","en-SA":"sp-dynamic-data_en-us_88c90f0400b828932010.js","en-LK":"sp-dynamic-data_en-us_88c90f0400b828932010.js","en-AE":"sp-dynamic-data_en-us_88c90f0400b828932010.js","en-VN":"sp-dynamic-data_en-us_88c90f0400b828932010.js","is":"sp-dynamic-data_en-us_88c90f0400b828932010.js","km":"sp-dynamic-data_en-us_88c90f0400b828932010.js","kh":"sp-dynamic-data_en-us_88c90f0400b828932010.js","mt":"sp-dynamic-data_en-us_88c90f0400b828932010.js","fa":"sp-dynamic-data_en-us_88c90f0400b828932010.js","gd":"sp-dynamic-data_en-us_88c90f0400b828932010.js","sr-Cyrl-BA":"sp-dynamic-data_en-us_88c90f0400b828932010.js","sr-Latn-BA":"sp-dynamic-data_en-us_88c90f0400b828932010.js","sd":"sp-dynamic-data_en-us_88c90f0400b828932010.js","si":"sp-dynamic-data_en-us_88c90f0400b828932010.js","so":"sp-dynamic-data_en-us_88c90f0400b828932010.js","ti-ET":"sp-dynamic-data_en-us_88c90f0400b828932010.js","uz":"sp-dynamic-data_en-us_88c90f0400b828932010.js","en-SG":"sp-dynamic-data_en-us_88c90f0400b828932010.js","en-HK":"sp-dynamic-data_en-us_88c90f0400b828932010.js","en-MY":"sp-dynamic-data_en-us_88c90f0400b828932010.js","en-PH":"sp-dynamic-data_en-us_88c90f0400b828932010.js","en-TT":"sp-dynamic-data_en-us_88c90f0400b828932010.js","en-AZ":"sp-dynamic-data_en-us_88c90f0400b828932010.js","en-BH":"sp-dynamic-data_en-us_88c90f0400b828932010.js","en-BN":"sp-dynamic-data_en-us_88c90f0400b828932010.js","en-ID":"sp-dynamic-data_en-us_88c90f0400b828932010.js","mi":"sp-dynamic-data_en-us_88c90f0400b828932010.js"},"defaultPath":"sp-dynamic-data_default_88c90f0400b828932010.js"},"@microsoft/sp-lodash-subset":{"type":"component","id":"73e1dc6c-8441-42cc-ad47-4bd3659f8a3a","version":"1.13.1"},"@microsoft/sp-core-library":{"type":"component","id":"7263c7d0-1d6a-45ec-8d85-d4d1d234171b","version":"1.13.1"},"@microsoft/sp-diagnostics":{"type":"component","id":"78359e4b-07c2-43c6-8d0b-d060b4d577e8","version":"1.13.1"}}}},{"id":"c07208f0-ea3b-4c1a-9965-ac1b825211a6","alias":"SPHttp","componentType":"Library","version":"1.13.1","manifestVersion":2,"preloadComponents":[],"loaderConfig":{"internalModuleBaseUrls":["https://localhost:4321/node_modules/@microsoft/sp-property-pane/node_modules/@microsoft/sp-http/dist/","https://localhost:4321/dist/"],"entryModuleId":"sp-http","scriptResources":{"sp-http":{"type":"localizedPath","paths":{"default":"sp-http_default_fe8d5b2ae741931a6e62.js","en-US":"sp-http_en-us_fe8d5b2ae741931a6e62.js","qps-ploca":"sp-http_qps-ploca_fe8d5b2ae741931a6e62.js","qps-ploc":"sp-http_qps-ploc_fe8d5b2ae741931a6e62.js","en-GB":"sp-http_en-us_fe8d5b2ae741931a6e62.js","en-NZ":"sp-http_en-us_fe8d5b2ae741931a6e62.js","en-IE":"sp-http_en-us_fe8d5b2ae741931a6e62.js","en-AU":"sp-http_en-us_fe8d5b2ae741931a6e62.js","bn":"sp-http_en-us_fe8d5b2ae741931a6e62.js","chr":"sp-http_en-us_fe8d5b2ae741931a6e62.js","dv":"sp-http_en-us_fe8d5b2ae741931a6e62.js","div":"sp-http_en-us_fe8d5b2ae741931a6e62.js","en":"sp-http_en-us_fe8d5b2ae741931a6e62.js","fil":"sp-http_en-us_fe8d5b2ae741931a6e62.js","haw":"sp-http_en-us_fe8d5b2ae741931a6e62.js","iu":"sp-http_en-us_fe8d5b2ae741931a6e62.js","lo":"sp-http_en-us_fe8d5b2ae741931a6e62.js","moh":"sp-http_en-us_fe8d5b2ae741931a6e62.js","sq":"sp-http_en-us_fe8d5b2ae741931a6e62.js","am":"sp-http_en-us_fe8d5b2ae741931a6e62.js","hy":"sp-http_en-us_fe8d5b2ae741931a6e62.js","mk":"sp-http_en-us_fe8d5b2ae741931a6e62.js","bs":"sp-http_en-us_fe8d5b2ae741931a6e62.js","my":"sp-http_en-us_fe8d5b2ae741931a6e62.js","dz":"sp-http_en-us_fe8d5b2ae741931a6e62.js","en-CY":"sp-http_en-us_fe8d5b2ae741931a6e62.js","en-EG":"sp-http_en-us_fe8d5b2ae741931a6e62.js","en-IL":"sp-http_en-us_fe8d5b2ae741931a6e62.js","en-IS":"sp-http_en-us_fe8d5b2ae741931a6e62.js","en-JO":"sp-http_en-us_fe8d5b2ae741931a6e62.js","en-KE":"sp-http_en-us_fe8d5b2ae741931a6e62.js","en-KW":"sp-http_en-us_fe8d5b2ae741931a6e62.js","en-MK":"sp-http_en-us_fe8d5b2ae741931a6e62.js","en-MT":"sp-http_en-us_fe8d5b2ae741931a6e62.js","en-PK":"sp-http_en-us_fe8d5b2ae741931a6e62.js","en-QA":"sp-http_en-us_fe8d5b2ae741931a6e62.js","en-SA":"sp-http_en-us_fe8d5b2ae741931a6e62.js","en-LK":"sp-http_en-us_fe8d5b2ae741931a6e62.js","en-AE":"sp-http_en-us_fe8d5b2ae741931a6e62.js","en-VN":"sp-http_en-us_fe8d5b2ae741931a6e62.js","is":"sp-http_en-us_fe8d5b2ae741931a6e62.js","km":"sp-http_en-us_fe8d5b2ae741931a6e62.js","kh":"sp-http_en-us_fe8d5b2ae741931a6e62.js","mt":"sp-http_en-us_fe8d5b2ae741931a6e62.js","fa":"sp-http_en-us_fe8d5b2ae741931a6e62.js","gd":"sp-http_en-us_fe8d5b2ae741931a6e62.js","sr-Cyrl-BA":"sp-http_en-us_fe8d5b2ae741931a6e62.js","sr-Latn-BA":"sp-http_en-us_fe8d5b2ae741931a6e62.js","sd":"sp-http_en-us_fe8d5b2ae741931a6e62.js","si":"sp-http_en-us_fe8d5b2ae741931a6e62.js","so":"sp-http_en-us_fe8d5b2ae741931a6e62.js","ti-ET":"sp-http_en-us_fe8d5b2ae741931a6e62.js","uz":"sp-http_en-us_fe8d5b2ae741931a6e62.js","en-SG":"sp-http_en-us_fe8d5b2ae741931a6e62.js","en-HK":"sp-http_en-us_fe8d5b2ae741931a6e62.js","en-MY":"sp-http_en-us_fe8d5b2ae741931a6e62.js","en-PH":"sp-http_en-us_fe8d5b2ae741931a6e62.js","en-TT":"sp-http_en-us_fe8d5b2ae741931a6e62.js","en-AZ":"sp-http_en-us_fe8d5b2ae741931a6e62.js","en-BH":"sp-http_en-us_fe8d5b2ae741931a6e62.js","en-BN":"sp-http_en-us_fe8d5b2ae741931a6e62.js","en-ID":"sp-http_en-us_fe8d5b2ae741931a6e62.js","mi":"sp-http_en-us_fe8d5b2ae741931a6e62.js"},"defaultPath":"sp-http_default_fe8d5b2ae741931a6e62.js"},"tslib":{"type":"component","id":"01c4df03-e775-48cb-aa14-171ee5199a15","version":"1.10.0"},"@ms/sp-telemetry":{"type":"component","id":"8217e442-8ed3-41fd-957d-b112e841286a","version":"0.19.42"},"@microsoft/sp-core-library":{"type":"component","id":"7263c7d0-1d6a-45ec-8d85-d4d1d234171b","version":"1.13.1"},"@microsoft/sp-diagnostics":{"type":"component","id":"78359e4b-07c2-43c6-8d0b-d060b4d577e8","version":"1.13.1"}}}},{"id":"1c4541f7-5c31-41aa-9fa8-fbc9dc14c0a8","alias":"SPPageContext","componentType":"Library","version":"1.13.1","manifestVersion":2,"loaderConfig":{"internalModuleBaseUrls":["https://localhost:4321/node_modules/@microsoft/sp-property-pane/node_modules/@microsoft/sp-page-context/dist/","https://localhost:4321/dist/"],"entryModuleId":"sp-page-context","scriptResources":{"sp-page-context":{"type":"localizedPath","paths":{"default":"sp-page-context_default_f527b0e9884ba70c2fc8.js","en-US":"sp-page-context_en-us_f527b0e9884ba70c2fc8.js","qps-ploca":"sp-page-context_qps-ploca_f527b0e9884ba70c2fc8.js","qps-ploc":"sp-page-context_qps-ploc_f527b0e9884ba70c2fc8.js","en-GB":"sp-page-context_en-us_f527b0e9884ba70c2fc8.js","en-NZ":"sp-page-context_en-us_f527b0e9884ba70c2fc8.js","en-IE":"sp-page-context_en-us_f527b0e9884ba70c2fc8.js","en-AU":"sp-page-context_en-us_f527b0e9884ba70c2fc8.js","bn":"sp-page-context_en-us_f527b0e9884ba70c2fc8.js","chr":"sp-page-context_en-us_f527b0e9884ba70c2fc8.js","dv":"sp-page-context_en-us_f527b0e9884ba70c2fc8.js","div":"sp-page-context_en-us_f527b0e9884ba70c2fc8.js","en":"sp-page-context_en-us_f527b0e9884ba70c2fc8.js","fil":"sp-page-context_en-us_f527b0e9884ba70c2fc8.js","haw":"sp-page-context_en-us_f527b0e9884ba70c2fc8.js","iu":"sp-page-context_en-us_f527b0e9884ba70c2fc8.js","lo":"sp-page-context_en-us_f527b0e9884ba70c2fc8.js","moh":"sp-page-context_en-us_f527b0e9884ba70c2fc8.js","sq":"sp-page-context_en-us_f527b0e9884ba70c2fc8.js","am":"sp-page-context_en-us_f527b0e9884ba70c2fc8.js","hy":"sp-page-context_en-us_f527b0e9884ba70c2fc8.js","mk":"sp-page-context_en-us_f527b0e9884ba70c2fc8.js","bs":"sp-page-context_en-us_f527b0e9884ba70c2fc8.js","my":"sp-page-context_en-us_f527b0e9884ba70c2fc8.js","dz":"sp-page-context_en-us_f527b0e9884ba70c2fc8.js","en-CY":"sp-page-context_en-us_f527b0e9884ba70c2fc8.js","en-EG":"sp-page-context_en-us_f527b0e9884ba70c2fc8.js","en-IL":"sp-page-context_en-us_f527b0e9884ba70c2fc8.js","en-IS":"sp-page-context_en-us_f527b0e9884ba70c2fc8.js","en-JO":"sp-page-context_en-us_f527b0e9884ba70c2fc8.js","en-KE":"sp-page-context_en-us_f527b0e9884ba70c2fc8.js","en-KW":"sp-page-context_en-us_f527b0e9884ba70c2fc8.js","en-MK":"sp-page-context_en-us_f527b0e9884ba70c2fc8.js","en-MT":"sp-page-context_en-us_f527b0e9884ba70c2fc8.js","en-PK":"sp-page-context_en-us_f527b0e9884ba70c2fc8.js","en-QA":"sp-page-context_en-us_f527b0e9884ba70c2fc8.js","en-SA":"sp-page-context_en-us_f527b0e9884ba70c2fc8.js","en-LK":"sp-page-context_en-us_f527b0e9884ba70c2fc8.js","en-AE":"sp-page-context_en-us_f527b0e9884ba70c2fc8.js","en-VN":"sp-page-context_en-us_f527b0e9884ba70c2fc8.js","is":"sp-page-context_en-us_f527b0e9884ba70c2fc8.js","km":"sp-page-context_en-us_f527b0e9884ba70c2fc8.js","kh":"sp-page-context_en-us_f527b0e9884ba70c2fc8.js","mt":"sp-page-context_en-us_f527b0e9884ba70c2fc8.js","fa":"sp-page-context_en-us_f527b0e9884ba70c2fc8.js","gd":"sp-page-context_en-us_f527b0e9884ba70c2fc8.js","sr-Cyrl-BA":"sp-page-context_en-us_f527b0e9884ba70c2fc8.js","sr-Latn-BA":"sp-page-context_en-us_f527b0e9884ba70c2fc8.js","sd":"sp-page-context_en-us_f527b0e9884ba70c2fc8.js","si":"sp-page-context_en-us_f527b0e9884ba70c2fc8.js","so":"sp-page-context_en-us_f527b0e9884ba70c2fc8.js","ti-ET":"sp-page-context_en-us_f527b0e9884ba70c2fc8.js","uz":"sp-page-context_en-us_f527b0e9884ba70c2fc8.js","en-SG":"sp-page-context_en-us_f527b0e9884ba70c2fc8.js","en-HK":"sp-page-context_en-us_f527b0e9884ba70c2fc8.js","en-MY":"sp-page-context_en-us_f527b0e9884ba70c2fc8.js","en-PH":"sp-page-context_en-us_f527b0e9884ba70c2fc8.js","en-TT":"sp-page-context_en-us_f527b0e9884ba70c2fc8.js","en-AZ":"sp-page-context_en-us_f527b0e9884ba70c2fc8.js","en-BH":"sp-page-context_en-us_f527b0e9884ba70c2fc8.js","en-BN":"sp-page-context_en-us_f527b0e9884ba70c2fc8.js","en-ID":"sp-page-context_en-us_f527b0e9884ba70c2fc8.js","mi":"sp-page-context_en-us_f527b0e9884ba70c2fc8.js"},"defaultPath":"sp-page-context_default_f527b0e9884ba70c2fc8.js"},"@microsoft/sp-dynamic-data":{"type":"component","id":"e40f8203-b39d-425a-a957-714852e33b79","version":"1.13.1"},"@microsoft/sp-core-library":{"type":"component","id":"7263c7d0-1d6a-45ec-8d85-d4d1d234171b","version":"1.13.1"},"@microsoft/sp-diagnostics":{"type":"component","id":"78359e4b-07c2-43c6-8d0b-d060b4d577e8","version":"1.13.1"}}}},{"id":"467dc675-7cc5-4709-8aac-78e3b71bd2f6","alias":"SPComponentBase","componentType":"Library","version":"1.13.1","manifestVersion":2,"loaderConfig":{"internalModuleBaseUrls":["https://localhost:4321/node_modules/@microsoft/sp-property-pane/node_modules/@microsoft/sp-component-base/dist/","https://localhost:4321/dist/"],"entryModuleId":"sp-component-base","scriptResources":{"sp-component-base":{"type":"localizedPath","paths":{"default":"sp-component-base_default_d7cb0faf8b81c2783419.js","en-US":"sp-component-base_en-us_d7cb0faf8b81c2783419.js","qps-ploca":"sp-component-base_qps-ploca_d7cb0faf8b81c2783419.js","qps-ploc":"sp-component-base_qps-ploc_d7cb0faf8b81c2783419.js","en-GB":"sp-component-base_en-us_d7cb0faf8b81c2783419.js","en-NZ":"sp-component-base_en-us_d7cb0faf8b81c2783419.js","en-IE":"sp-component-base_en-us_d7cb0faf8b81c2783419.js","en-AU":"sp-component-base_en-us_d7cb0faf8b81c2783419.js","bn":"sp-component-base_en-us_d7cb0faf8b81c2783419.js","chr":"sp-component-base_en-us_d7cb0faf8b81c2783419.js","dv":"sp-component-base_en-us_d7cb0faf8b81c2783419.js","div":"sp-component-base_en-us_d7cb0faf8b81c2783419.js","en":"sp-component-base_en-us_d7cb0faf8b81c2783419.js","fil":"sp-component-base_en-us_d7cb0faf8b81c2783419.js","haw":"sp-component-base_en-us_d7cb0faf8b81c2783419.js","iu":"sp-component-base_en-us_d7cb0faf8b81c2783419.js","lo":"sp-component-base_en-us_d7cb0faf8b81c2783419.js","moh":"sp-component-base_en-us_d7cb0faf8b81c2783419.js","sq":"sp-component-base_en-us_d7cb0faf8b81c2783419.js","am":"sp-component-base_en-us_d7cb0faf8b81c2783419.js","hy":"sp-component-base_en-us_d7cb0faf8b81c2783419.js","mk":"sp-component-base_en-us_d7cb0faf8b81c2783419.js","bs":"sp-component-base_en-us_d7cb0faf8b81c2783419.js","my":"sp-component-base_en-us_d7cb0faf8b81c2783419.js","dz":"sp-component-base_en-us_d7cb0faf8b81c2783419.js","en-CY":"sp-component-base_en-us_d7cb0faf8b81c2783419.js","en-EG":"sp-component-base_en-us_d7cb0faf8b81c2783419.js","en-IL":"sp-component-base_en-us_d7cb0faf8b81c2783419.js","en-IS":"sp-component-base_en-us_d7cb0faf8b81c2783419.js","en-JO":"sp-component-base_en-us_d7cb0faf8b81c2783419.js","en-KE":"sp-component-base_en-us_d7cb0faf8b81c2783419.js","en-KW":"sp-component-base_en-us_d7cb0faf8b81c2783419.js","en-MK":"sp-component-base_en-us_d7cb0faf8b81c2783419.js","en-MT":"sp-component-base_en-us_d7cb0faf8b81c2783419.js","en-PK":"sp-component-base_en-us_d7cb0faf8b81c2783419.js","en-QA":"sp-component-base_en-us_d7cb0faf8b81c2783419.js","en-SA":"sp-component-base_en-us_d7cb0faf8b81c2783419.js","en-LK":"sp-component-base_en-us_d7cb0faf8b81c2783419.js","en-AE":"sp-component-base_en-us_d7cb0faf8b81c2783419.js","en-VN":"sp-component-base_en-us_d7cb0faf8b81c2783419.js","is":"sp-component-base_en-us_d7cb0faf8b81c2783419.js","km":"sp-component-base_en-us_d7cb0faf8b81c2783419.js","kh":"sp-component-base_en-us_d7cb0faf8b81c2783419.js","mt":"sp-component-base_en-us_d7cb0faf8b81c2783419.js","fa":"sp-component-base_en-us_d7cb0faf8b81c2783419.js","gd":"sp-component-base_en-us_d7cb0faf8b81c2783419.js","sr-Cyrl-BA":"sp-component-base_en-us_d7cb0faf8b81c2783419.js","sr-Latn-BA":"sp-component-base_en-us_d7cb0faf8b81c2783419.js","sd":"sp-component-base_en-us_d7cb0faf8b81c2783419.js","si":"sp-component-base_en-us_d7cb0faf8b81c2783419.js","so":"sp-component-base_en-us_d7cb0faf8b81c2783419.js","ti-ET":"sp-component-base_en-us_d7cb0faf8b81c2783419.js","uz":"sp-component-base_en-us_d7cb0faf8b81c2783419.js","en-SG":"sp-component-base_en-us_d7cb0faf8b81c2783419.js","en-HK":"sp-component-base_en-us_d7cb0faf8b81c2783419.js","en-MY":"sp-component-base_en-us_d7cb0faf8b81c2783419.js","en-PH":"sp-component-base_en-us_d7cb0faf8b81c2783419.js","en-TT":"sp-component-base_en-us_d7cb0faf8b81c2783419.js","en-AZ":"sp-component-base_en-us_d7cb0faf8b81c2783419.js","en-BH":"sp-component-base_en-us_d7cb0faf8b81c2783419.js","en-BN":"sp-component-base_en-us_d7cb0faf8b81c2783419.js","en-ID":"sp-component-base_en-us_d7cb0faf8b81c2783419.js","mi":"sp-component-base_en-us_d7cb0faf8b81c2783419.js"},"defaultPath":"sp-component-base_default_d7cb0faf8b81c2783419.js"},"tslib":{"type":"component","id":"01c4df03-e775-48cb-aa14-171ee5199a15","version":"1.10.0"},"@microsoft/sp-dynamic-data":{"type":"component","id":"e40f8203-b39d-425a-a957-714852e33b79","version":"1.13.1"},"@microsoft/sp-lodash-subset":{"type":"component","id":"73e1dc6c-8441-42cc-ad47-4bd3659f8a3a","version":"1.13.1"},"@microsoft/sp-core-library":{"type":"component","id":"7263c7d0-1d6a-45ec-8d85-d4d1d234171b","version":"1.13.1"},"@microsoft/sp-page-context":{"type":"component","id":"1c4541f7-5c31-41aa-9fa8-fbc9dc14c0a8","version":"1.13.1"},"@microsoft/load-themed-styles":{"type":"component","id":"229b8d08-79f3-438b-8c21-4613fc877abd","version":"0.1.2"},"@microsoft/sp-diagnostics":{"type":"component","id":"78359e4b-07c2-43c6-8d0b-d060b4d577e8","version":"1.13.1"},"@microsoft/sp-http":{"type":"component","id":"c07208f0-ea3b-4c1a-9965-ac1b825211a6","version":"1.13.1"}}}},{"id":"f9e737b7-f0df-4597-ba8c-3060f82380db","alias":"SPPropertyPane","componentType":"Library","version":"1.13.1","manifestVersion":2,"loaderConfig":{"internalModuleBaseUrls":["https://localhost:4321/node_modules/@microsoft/sp-property-pane/dist/","https://localhost:4321/dist/"],"entryModuleId":"sp-property-pane","scriptResources":{"sp-property-pane":{"type":"localizedPath","paths":{"default":"sp-property-pane_default_5df1384cc7d161652937.js","en-US":"sp-property-pane_en-us_5df1384cc7d161652937.js","qps-ploca":"sp-property-pane_qps-ploca_5df1384cc7d161652937.js","qps-ploc":"sp-property-pane_qps-ploc_5df1384cc7d161652937.js","en-GB":"sp-property-pane_en-us_5df1384cc7d161652937.js","en-NZ":"sp-property-pane_en-us_5df1384cc7d161652937.js","en-IE":"sp-property-pane_en-us_5df1384cc7d161652937.js","en-AU":"sp-property-pane_en-us_5df1384cc7d161652937.js","bn":"sp-property-pane_en-us_5df1384cc7d161652937.js","chr":"sp-property-pane_en-us_5df1384cc7d161652937.js","dv":"sp-property-pane_en-us_5df1384cc7d161652937.js","div":"sp-property-pane_en-us_5df1384cc7d161652937.js","en":"sp-property-pane_en-us_5df1384cc7d161652937.js","fil":"sp-property-pane_en-us_5df1384cc7d161652937.js","haw":"sp-property-pane_en-us_5df1384cc7d161652937.js","iu":"sp-property-pane_en-us_5df1384cc7d161652937.js","lo":"sp-property-pane_en-us_5df1384cc7d161652937.js","moh":"sp-property-pane_en-us_5df1384cc7d161652937.js","sq":"sp-property-pane_en-us_5df1384cc7d161652937.js","am":"sp-property-pane_en-us_5df1384cc7d161652937.js","hy":"sp-property-pane_en-us_5df1384cc7d161652937.js","mk":"sp-property-pane_en-us_5df1384cc7d161652937.js","bs":"sp-property-pane_en-us_5df1384cc7d161652937.js","my":"sp-property-pane_en-us_5df1384cc7d161652937.js","dz":"sp-property-pane_en-us_5df1384cc7d161652937.js","en-CY":"sp-property-pane_en-us_5df1384cc7d161652937.js","en-EG":"sp-property-pane_en-us_5df1384cc7d161652937.js","en-IL":"sp-property-pane_en-us_5df1384cc7d161652937.js","en-IS":"sp-property-pane_en-us_5df1384cc7d161652937.js","en-JO":"sp-property-pane_en-us_5df1384cc7d161652937.js","en-KE":"sp-property-pane_en-us_5df1384cc7d161652937.js","en-KW":"sp-property-pane_en-us_5df1384cc7d161652937.js","en-MK":"sp-property-pane_en-us_5df1384cc7d161652937.js","en-MT":"sp-property-pane_en-us_5df1384cc7d161652937.js","en-PK":"sp-property-pane_en-us_5df1384cc7d161652937.js","en-QA":"sp-property-pane_en-us_5df1384cc7d161652937.js","en-SA":"sp-property-pane_en-us_5df1384cc7d161652937.js","en-LK":"sp-property-pane_en-us_5df1384cc7d161652937.js","en-AE":"sp-property-pane_en-us_5df1384cc7d161652937.js","en-VN":"sp-property-pane_en-us_5df1384cc7d161652937.js","is":"sp-property-pane_en-us_5df1384cc7d161652937.js","km":"sp-property-pane_en-us_5df1384cc7d161652937.js","kh":"sp-property-pane_en-us_5df1384cc7d161652937.js","mt":"sp-property-pane_en-us_5df1384cc7d161652937.js","fa":"sp-property-pane_en-us_5df1384cc7d161652937.js","gd":"sp-property-pane_en-us_5df1384cc7d161652937.js","sr-Cyrl-BA":"sp-property-pane_en-us_5df1384cc7d161652937.js","sr-Latn-BA":"sp-property-pane_en-us_5df1384cc7d161652937.js","sd":"sp-property-pane_en-us_5df1384cc7d161652937.js","si":"sp-property-pane_en-us_5df1384cc7d161652937.js","so":"sp-property-pane_en-us_5df1384cc7d161652937.js","ti-ET":"sp-property-pane_en-us_5df1384cc7d161652937.js","uz":"sp-property-pane_en-us_5df1384cc7d161652937.js","en-SG":"sp-property-pane_en-us_5df1384cc7d161652937.js","en-HK":"sp-property-pane_en-us_5df1384cc7d161652937.js","en-MY":"sp-property-pane_en-us_5df1384cc7d161652937.js","en-PH":"sp-property-pane_en-us_5df1384cc7d161652937.js","en-TT":"sp-property-pane_en-us_5df1384cc7d161652937.js","en-AZ":"sp-property-pane_en-us_5df1384cc7d161652937.js","en-BH":"sp-property-pane_en-us_5df1384cc7d161652937.js","en-BN":"sp-property-pane_en-us_5df1384cc7d161652937.js","en-ID":"sp-property-pane_en-us_5df1384cc7d161652937.js","mi":"sp-property-pane_en-us_5df1384cc7d161652937.js"},"defaultPath":"sp-property-pane_default_5df1384cc7d161652937.js"},"@microsoft/sp-loader":{"type":"component","id":"1c6c9123-7aac-41f3-a376-3caea41ed83f","version":"1.13.1"},"@microsoft/sp-core-library":{"type":"component","id":"7263c7d0-1d6a-45ec-8d85-d4d1d234171b","version":"1.13.1"},"react":{"type":"component","id":"0d910c1c-13b9-4e1c-9aa4-b008c5e42d7d","version":"16.13.1"},"react-dom":{"type":"component","id":"aa0a46ec-1505-43cd-a44a-93f3a5aa460a","version":"16.13.1"},"@microsoft/load-themed-styles":{"type":"component","id":"229b8d08-79f3-438b-8c21-4613fc877abd","version":"0.1.2"},"@microsoft/sp-diagnostics":{"type":"component","id":"78359e4b-07c2-43c6-8d0b-d060b4d577e8","version":"1.13.1"}}}},{"id":"1e384972-6346-49b4-93c7-b2e6763938e6","alias":"sp-polyfills","componentType":"Library","version":"1.13.1","manifestVersion":2,"loaderConfig":{"internalModuleBaseUrls":["https://localhost:4321/node_modules/@microsoft/sp-webpart-base/node_modules/@microsoft/sp-polyfills/dist/","http://localhost:4321/dist/"],"entryModuleId":"sp-polyfills","scriptResources":{"sp-polyfills":{"type":"path","path":"sp-polyfills_none_487395f75e849ff3d027.js"}}}},{"id":"1c6c9123-7aac-41f3-a376-3caea41ed83f","alias":"SPLoader","componentType":"Library","version":"1.13.1","manifestVersion":2,"loaderConfig":{"internalModuleBaseUrls":["https://localhost:4321/node_modules/@microsoft/sp-webpart-base/node_modules/@microsoft/sp-loader/dist/","https://localhost:54321/dist/"],"entryModuleId":"sp-loader","scriptResources":{"sp-loader":{"type":"localizedPath","paths":{"default":"sp-loader_default_01042be3a7575cf5e03a.js","en-US":"sp-loader_en-us_01042be3a7575cf5e03a.js","qps-ploca":"sp-loader_qps-ploca_01042be3a7575cf5e03a.js","qps-ploc":"sp-loader_qps-ploc_01042be3a7575cf5e03a.js","en-GB":"sp-loader_en-us_01042be3a7575cf5e03a.js","en-NZ":"sp-loader_en-us_01042be3a7575cf5e03a.js","en-IE":"sp-loader_en-us_01042be3a7575cf5e03a.js","en-AU":"sp-loader_en-us_01042be3a7575cf5e03a.js","bn":"sp-loader_en-us_01042be3a7575cf5e03a.js","chr":"sp-loader_en-us_01042be3a7575cf5e03a.js","dv":"sp-loader_en-us_01042be3a7575cf5e03a.js","div":"sp-loader_en-us_01042be3a7575cf5e03a.js","en":"sp-loader_en-us_01042be3a7575cf5e03a.js","fil":"sp-loader_en-us_01042be3a7575cf5e03a.js","haw":"sp-loader_en-us_01042be3a7575cf5e03a.js","iu":"sp-loader_en-us_01042be3a7575cf5e03a.js","lo":"sp-loader_en-us_01042be3a7575cf5e03a.js","moh":"sp-loader_en-us_01042be3a7575cf5e03a.js","sq":"sp-loader_en-us_01042be3a7575cf5e03a.js","am":"sp-loader_en-us_01042be3a7575cf5e03a.js","hy":"sp-loader_en-us_01042be3a7575cf5e03a.js","mk":"sp-loader_en-us_01042be3a7575cf5e03a.js","bs":"sp-loader_en-us_01042be3a7575cf5e03a.js","my":"sp-loader_en-us_01042be3a7575cf5e03a.js","dz":"sp-loader_en-us_01042be3a7575cf5e03a.js","en-CY":"sp-loader_en-us_01042be3a7575cf5e03a.js","en-EG":"sp-loader_en-us_01042be3a7575cf5e03a.js","en-IL":"sp-loader_en-us_01042be3a7575cf5e03a.js","en-IS":"sp-loader_en-us_01042be3a7575cf5e03a.js","en-JO":"sp-loader_en-us_01042be3a7575cf5e03a.js","en-KE":"sp-loader_en-us_01042be3a7575cf5e03a.js","en-KW":"sp-loader_en-us_01042be3a7575cf5e03a.js","en-MK":"sp-loader_en-us_01042be3a7575cf5e03a.js","en-MT":"sp-loader_en-us_01042be3a7575cf5e03a.js","en-PK":"sp-loader_en-us_01042be3a7575cf5e03a.js","en-QA":"sp-loader_en-us_01042be3a7575cf5e03a.js","en-SA":"sp-loader_en-us_01042be3a7575cf5e03a.js","en-LK":"sp-loader_en-us_01042be3a7575cf5e03a.js","en-AE":"sp-loader_en-us_01042be3a7575cf5e03a.js","en-VN":"sp-loader_en-us_01042be3a7575cf5e03a.js","is":"sp-loader_en-us_01042be3a7575cf5e03a.js","km":"sp-loader_en-us_01042be3a7575cf5e03a.js","kh":"sp-loader_en-us_01042be3a7575cf5e03a.js","mt":"sp-loader_en-us_01042be3a7575cf5e03a.js","fa":"sp-loader_en-us_01042be3a7575cf5e03a.js","gd":"sp-loader_en-us_01042be3a7575cf5e03a.js","sr-Cyrl-BA":"sp-loader_en-us_01042be3a7575cf5e03a.js","sr-Latn-BA":"sp-loader_en-us_01042be3a7575cf5e03a.js","sd":"sp-loader_en-us_01042be3a7575cf5e03a.js","si":"sp-loader_en-us_01042be3a7575cf5e03a.js","so":"sp-loader_en-us_01042be3a7575cf5e03a.js","ti-ET":"sp-loader_en-us_01042be3a7575cf5e03a.js","uz":"sp-loader_en-us_01042be3a7575cf5e03a.js","en-SG":"sp-loader_en-us_01042be3a7575cf5e03a.js","en-HK":"sp-loader_en-us_01042be3a7575cf5e03a.js","en-MY":"sp-loader_en-us_01042be3a7575cf5e03a.js","en-PH":"sp-loader_en-us_01042be3a7575cf5e03a.js","en-TT":"sp-loader_en-us_01042be3a7575cf5e03a.js","en-AZ":"sp-loader_en-us_01042be3a7575cf5e03a.js","en-BH":"sp-loader_en-us_01042be3a7575cf5e03a.js","en-BN":"sp-loader_en-us_01042be3a7575cf5e03a.js","en-ID":"sp-loader_en-us_01042be3a7575cf5e03a.js","mi":"sp-loader_en-us_01042be3a7575cf5e03a.js"},"defaultPath":"sp-loader_default_01042be3a7575cf5e03a.js"},"@ms/sp-telemetry":{"type":"component","id":"8217e442-8ed3-41fd-957d-b112e841286a","version":"0.19.42"},"@microsoft/sp-dynamic-data":{"type":"component","id":"e40f8203-b39d-425a-a957-714852e33b79","version":"1.13.1"},"@microsoft/sp-lodash-subset":{"type":"component","id":"73e1dc6c-8441-42cc-ad47-4bd3659f8a3a","version":"1.13.1"},"@microsoft/sp-core-library":{"type":"component","id":"7263c7d0-1d6a-45ec-8d85-d4d1d234171b","version":"1.13.1"},"@microsoft/sp-page-context":{"type":"component","id":"1c4541f7-5c31-41aa-9fa8-fbc9dc14c0a8","version":"1.13.1"},"@microsoft/load-themed-styles":{"type":"component","id":"229b8d08-79f3-438b-8c21-4613fc877abd","version":"0.1.2"},"@microsoft/sp-diagnostics":{"type":"component","id":"78359e4b-07c2-43c6-8d0b-d060b4d577e8","version":"1.13.1"},"@microsoft/sp-http":{"type":"component","id":"c07208f0-ea3b-4c1a-9965-ac1b825211a6","version":"1.13.1"}}}},{"manifestVersion":2,"componentType":"Library","id":"44bae1a2-d2eb-4e10-8c21-a1dbdce1036f","alias":"sp-loader-assembly","isInternal":true,"version":"1.0.0","rootComponentId":"1c6c9123-7aac-41f3-a376-3caea41ed83f","requiresCustomScript":false,"loaderConfig":{"internalModuleBaseUrls":["https://localhost:4321/node_modules/@microsoft/sp-webpart-base/node_modules/@microsoft/sp-loader/dist/"],"entryModuleId":"sp-loader-assembly","scriptResources":{"sp-loader-assembly":{"type":"localizedPath","paths":{"default":"sp-loader-assembly_default.js","en-US":"sp-loader-assembly_en-us.js","qps-ploca":"sp-loader-assembly_qps-ploca.js","qps-ploc":"sp-loader-assembly_qps-ploc.js","en-GB":"sp-loader-assembly_en-us.js","en-NZ":"sp-loader-assembly_en-us.js","en-IE":"sp-loader-assembly_en-us.js","en-AU":"sp-loader-assembly_en-us.js","bn":"sp-loader-assembly_en-us.js","chr":"sp-loader-assembly_en-us.js","dv":"sp-loader-assembly_en-us.js","div":"sp-loader-assembly_en-us.js","en":"sp-loader-assembly_en-us.js","fil":"sp-loader-assembly_en-us.js","haw":"sp-loader-assembly_en-us.js","iu":"sp-loader-assembly_en-us.js","lo":"sp-loader-assembly_en-us.js","moh":"sp-loader-assembly_en-us.js","sq":"sp-loader-assembly_en-us.js","am":"sp-loader-assembly_en-us.js","hy":"sp-loader-assembly_en-us.js","mk":"sp-loader-assembly_en-us.js","bs":"sp-loader-assembly_en-us.js","my":"sp-loader-assembly_en-us.js","dz":"sp-loader-assembly_en-us.js","en-CY":"sp-loader-assembly_en-us.js","en-EG":"sp-loader-assembly_en-us.js","en-IL":"sp-loader-assembly_en-us.js","en-IS":"sp-loader-assembly_en-us.js","en-JO":"sp-loader-assembly_en-us.js","en-KE":"sp-loader-assembly_en-us.js","en-KW":"sp-loader-assembly_en-us.js","en-MK":"sp-loader-assembly_en-us.js","en-MT":"sp-loader-assembly_en-us.js","en-PK":"sp-loader-assembly_en-us.js","en-QA":"sp-loader-assembly_en-us.js","en-SA":"sp-loader-assembly_en-us.js","en-LK":"sp-loader-assembly_en-us.js","en-AE":"sp-loader-assembly_en-us.js","en-VN":"sp-loader-assembly_en-us.js","is":"sp-loader-assembly_en-us.js","km":"sp-loader-assembly_en-us.js","kh":"sp-loader-assembly_en-us.js","mt":"sp-loader-assembly_en-us.js","fa":"sp-loader-assembly_en-us.js","gd":"sp-loader-assembly_en-us.js","sr-Cyrl-BA":"sp-loader-assembly_en-us.js","sr-Latn-BA":"sp-loader-assembly_en-us.js","sd":"sp-loader-assembly_en-us.js","si":"sp-loader-assembly_en-us.js","so":"sp-loader-assembly_en-us.js","ti-ET":"sp-loader-assembly_en-us.js","uz":"sp-loader-assembly_en-us.js","en-SG":"sp-loader-assembly_en-us.js","en-HK":"sp-loader-assembly_en-us.js","en-MY":"sp-loader-assembly_en-us.js","en-PH":"sp-loader-assembly_en-us.js","en-TT":"sp-loader-assembly_en-us.js","en-AZ":"sp-loader-assembly_en-us.js","en-BH":"sp-loader-assembly_en-us.js","en-BN":"sp-loader-assembly_en-us.js","en-ID":"sp-loader-assembly_en-us.js","mi":"sp-loader-assembly_en-us.js"},"defaultPath":"sp-loader-assembly_default.js"}}}},{"id":"974a7777-0990-4136-8fa6-95d80114c2e0","alias":"SPWebPartBase","componentType":"Library","version":"1.13.1","manifestVersion":2,"preloadComponents":["f9e737b7-f0df-4597-ba8c-3060f82380db"],"loaderConfig":{"internalModuleBaseUrls":["https://localhost:4321/node_modules/@microsoft/sp-webpart-base/dist/","https://localhost:4321/dist/"],"entryModuleId":"sp-webpart-base","scriptResources":{"sp-webpart-base":{"type":"localizedPath","paths":{"default":"sp-webpart-base_default_fad5cdc2baa4073e8b8b.js","en-US":"sp-webpart-base_en-us_fad5cdc2baa4073e8b8b.js","qps-ploca":"sp-webpart-base_qps-ploca_fad5cdc2baa4073e8b8b.js","qps-ploc":"sp-webpart-base_qps-ploc_fad5cdc2baa4073e8b8b.js","en-GB":"sp-webpart-base_en-us_fad5cdc2baa4073e8b8b.js","en-NZ":"sp-webpart-base_en-us_fad5cdc2baa4073e8b8b.js","en-IE":"sp-webpart-base_en-us_fad5cdc2baa4073e8b8b.js","en-AU":"sp-webpart-base_en-us_fad5cdc2baa4073e8b8b.js","bn":"sp-webpart-base_en-us_fad5cdc2baa4073e8b8b.js","chr":"sp-webpart-base_en-us_fad5cdc2baa4073e8b8b.js","dv":"sp-webpart-base_en-us_fad5cdc2baa4073e8b8b.js","div":"sp-webpart-base_en-us_fad5cdc2baa4073e8b8b.js","en":"sp-webpart-base_en-us_fad5cdc2baa4073e8b8b.js","fil":"sp-webpart-base_en-us_fad5cdc2baa4073e8b8b.js","haw":"sp-webpart-base_en-us_fad5cdc2baa4073e8b8b.js","iu":"sp-webpart-base_en-us_fad5cdc2baa4073e8b8b.js","lo":"sp-webpart-base_en-us_fad5cdc2baa4073e8b8b.js","moh":"sp-webpart-base_en-us_fad5cdc2baa4073e8b8b.js","sq":"sp-webpart-base_en-us_fad5cdc2baa4073e8b8b.js","am":"sp-webpart-base_en-us_fad5cdc2baa4073e8b8b.js","hy":"sp-webpart-base_en-us_fad5cdc2baa4073e8b8b.js","mk":"sp-webpart-base_en-us_fad5cdc2baa4073e8b8b.js","bs":"sp-webpart-base_en-us_fad5cdc2baa4073e8b8b.js","my":"sp-webpart-base_en-us_fad5cdc2baa4073e8b8b.js","dz":"sp-webpart-base_en-us_fad5cdc2baa4073e8b8b.js","en-CY":"sp-webpart-base_en-us_fad5cdc2baa4073e8b8b.js","en-EG":"sp-webpart-base_en-us_fad5cdc2baa4073e8b8b.js","en-IL":"sp-webpart-base_en-us_fad5cdc2baa4073e8b8b.js","en-IS":"sp-webpart-base_en-us_fad5cdc2baa4073e8b8b.js","en-JO":"sp-webpart-base_en-us_fad5cdc2baa4073e8b8b.js","en-KE":"sp-webpart-base_en-us_fad5cdc2baa4073e8b8b.js","en-KW":"sp-webpart-base_en-us_fad5cdc2baa4073e8b8b.js","en-MK":"sp-webpart-base_en-us_fad5cdc2baa4073e8b8b.js","en-MT":"sp-webpart-base_en-us_fad5cdc2baa4073e8b8b.js","en-PK":"sp-webpart-base_en-us_fad5cdc2baa4073e8b8b.js","en-QA":"sp-webpart-base_en-us_fad5cdc2baa4073e8b8b.js","en-SA":"sp-webpart-base_en-us_fad5cdc2baa4073e8b8b.js","en-LK":"sp-webpart-base_en-us_fad5cdc2baa4073e8b8b.js","en-AE":"sp-webpart-base_en-us_fad5cdc2baa4073e8b8b.js","en-VN":"sp-webpart-base_en-us_fad5cdc2baa4073e8b8b.js","is":"sp-webpart-base_en-us_fad5cdc2baa4073e8b8b.js","km":"sp-webpart-base_en-us_fad5cdc2baa4073e8b8b.js","kh":"sp-webpart-base_en-us_fad5cdc2baa4073e8b8b.js","mt":"sp-webpart-base_en-us_fad5cdc2baa4073e8b8b.js","fa":"sp-webpart-base_en-us_fad5cdc2baa4073e8b8b.js","gd":"sp-webpart-base_en-us_fad5cdc2baa4073e8b8b.js","sr-Cyrl-BA":"sp-webpart-base_en-us_fad5cdc2baa4073e8b8b.js","sr-Latn-BA":"sp-webpart-base_en-us_fad5cdc2baa4073e8b8b.js","sd":"sp-webpart-base_en-us_fad5cdc2baa4073e8b8b.js","si":"sp-webpart-base_en-us_fad5cdc2baa4073e8b8b.js","so":"sp-webpart-base_en-us_fad5cdc2baa4073e8b8b.js","ti-ET":"sp-webpart-base_en-us_fad5cdc2baa4073e8b8b.js","uz":"sp-webpart-base_en-us_fad5cdc2baa4073e8b8b.js","en-SG":"sp-webpart-base_en-us_fad5cdc2baa4073e8b8b.js","en-HK":"sp-webpart-base_en-us_fad5cdc2baa4073e8b8b.js","en-MY":"sp-webpart-base_en-us_fad5cdc2baa4073e8b8b.js","en-PH":"sp-webpart-base_en-us_fad5cdc2baa4073e8b8b.js","en-TT":"sp-webpart-base_en-us_fad5cdc2baa4073e8b8b.js","en-AZ":"sp-webpart-base_en-us_fad5cdc2baa4073e8b8b.js","en-BH":"sp-webpart-base_en-us_fad5cdc2baa4073e8b8b.js","en-BN":"sp-webpart-base_en-us_fad5cdc2baa4073e8b8b.js","en-ID":"sp-webpart-base_en-us_fad5cdc2baa4073e8b8b.js","mi":"sp-webpart-base_en-us_fad5cdc2baa4073e8b8b.js"},"defaultPath":"sp-webpart-base_default_fad5cdc2baa4073e8b8b.js"},"tslib":{"type":"component","id":"01c4df03-e775-48cb-aa14-171ee5199a15","version":"1.10.0"},"@ms/sp-telemetry":{"type":"component","id":"8217e442-8ed3-41fd-957d-b112e841286a","version":"0.19.42"},"@microsoft/sp-component-base":{"type":"component","id":"467dc675-7cc5-4709-8aac-78e3b71bd2f6","version":"1.13.1"},"@microsoft/sp-loader":{"type":"component","id":"1c6c9123-7aac-41f3-a376-3caea41ed83f","version":"1.13.1"},"@microsoft/sp-lodash-subset":{"type":"component","id":"73e1dc6c-8441-42cc-ad47-4bd3659f8a3a","version":"1.13.1"},"@microsoft/sp-core-library":{"type":"component","id":"7263c7d0-1d6a-45ec-8d85-d4d1d234171b","version":"1.13.1"},"@microsoft/sp-page-context":{"type":"component","id":"1c4541f7-5c31-41aa-9fa8-fbc9dc14c0a8","version":"1.13.1"},"@microsoft/load-themed-styles":{"type":"component","id":"229b8d08-79f3-438b-8c21-4613fc877abd","version":"0.1.2"},"@microsoft/sp-diagnostics":{"type":"component","id":"78359e4b-07c2-43c6-8d0b-d060b4d577e8","version":"1.13.1"},"@microsoft/sp-http":{"type":"component","id":"c07208f0-ea3b-4c1a-9965-ac1b825211a6","version":"1.13.1"}}}},{"id":"b40f27b0-b985-4bdb-a7a8-63a3f5e66246","alias":"UserShareBoxWebPart","componentType":"WebPart","version":"0.0.1","manifestVersion":2,"requiresCustomScript":false,"supportedHosts":["SharePointWebPart"],"preconfiguredEntries":[{"groupId":"5c03119e-3074-46fd-976b-c60198311f70","group":{"default":"Other"},"title":{"default":"UserShareBOX"},"description":{"default":"User ShareBOX"},"officeFabricIconFontName":"Page","properties":{"description":"UserShareBOX"}}],"loaderConfig":{"internalModuleBaseUrls":["https://localhost:4321/dist/"],"entryModuleId":"user-share-box-web-part","scriptResources":{"user-share-box-web-part":{"type":"path","path":"user-share-box-web-part_bd3f2250d4ab5a785629.js"},"@microsoft/sp-property-pane":{"type":"component","id":"f9e737b7-f0df-4597-ba8c-3060f82380db","version":"1.13.1"},"UserShareBoxWebPartStrings":{"type":"localizedPath","paths":{"de-DE":"UserShareBoxWebPartStrings_de-de_6981369f8ca6dbc8016472754d9f4932.js","en-US":"UserShareBoxWebPartStrings_en-us_8d6dcfb06182cab07d27abca0e60419a.js","fr-FR":"UserShareBoxWebPartStrings_fr-fr_daa1ab19bc108eb85180393fdaa65b48.js","nl-NL":"UserShareBoxWebPartStrings_nl-nl_1212e1ae37ed1f433e5c9d8b0d9d2c42.js"},"defaultPath":"UserShareBoxWebPartStrings_en-us_8d6dcfb06182cab07d27abca0e60419a.js"},"@microsoft/sp-core-library":{"type":"component","id":"7263c7d0-1d6a-45ec-8d85-d4d1d234171b","version":"1.13.1"},"@microsoft/sp-webpart-base":{"type":"component","id":"974a7777-0990-4136-8fa6-95d80114c2e0","version":"1.13.1"},"react":{"type":"component","id":"0d910c1c-13b9-4e1c-9aa4-b008c5e42d7d","version":"16.13.1"},"react-dom":{"type":"component","id":"aa0a46ec-1505-43cd-a44a-93f3a5aa460a","version":"16.13.1"}}}},{"id":"023ce58e-22d5-42f8-bfb5-b77639d9dcab","alias":"TeamShareBoxWebPart","componentType":"WebPart","version":"0.0.1","manifestVersion":2,"requiresCustomScript":false,"supportedHosts":["SharePointWebPart"],"preconfiguredEntries":[{"groupId":"5c03119e-3074-46fd-976b-c60198311f70","group":{"default":"Other"},"title":{"default":"TeamShareBOX"},"description":{"default":"Team ShareBOX"},"officeFabricIconFontName":"Page","properties":{"description":"TeamShareBOX"}}],"loaderConfig":{"internalModuleBaseUrls":["https://localhost:4321/dist/"],"entryModuleId":"team-share-box-web-part","scriptResources":{"team-share-box-web-part":{"type":"path","path":"team-share-box-web-part_95835041e2aa3db9d5b4.js"},"@microsoft/sp-property-pane":{"type":"component","id":"f9e737b7-f0df-4597-ba8c-3060f82380db","version":"1.13.1"},"@microsoft/sp-lodash-subset":{"type":"component","id":"73e1dc6c-8441-42cc-ad47-4bd3659f8a3a","version":"1.13.1"},"ControlStrings":{"type":"localizedPath","paths":{"bg-BG":"ControlStrings_bg-bg_fa0f6836fe7f7ee3bf29073b276d1531.js","ca-ES":"ControlStrings_ca-es_3a6b8bce582f27439a7ccd10216e3a41.js","da-DK":"ControlStrings_da-dk_f39cfb7a80dad747f369923d11195f82.js","de-DE":"ControlStrings_de-de_326acd973333ba8b7409194e7449d004.js","el-GR":"ControlStrings_el-gr_a4d4294a5385fa7f628502201c71e9fe.js","en-US":"ControlStrings_en-us_0b10329b18350155d534458be0fe197a.js","es-ES":"ControlStrings_es-es_1378d5881e22b58f8b42c60e700b425c.js","et-EE":"ControlStrings_et-ee_32b1b8ffcdeda837d4cc8b21a2ed55e9.js","eu-ES":"ControlStrings_eu-es_511321cb9b07e1ffa35c0ea620681a6b.js","fi-FI":"ControlStrings_fi-fi_946fd07a32274613ef329327c39c724c.js","fr-FR":"ControlStrings_fr-fr_14c4c0a3bf68272a3798b4e510a4aff5.js","it-IT":"ControlStrings_it-it_0b183d5e25be0f26f1fbe141fc73b6d4.js","ja-JP":"ControlStrings_ja-jp_a04cf76005cf85eaac98378445f467c9.js","lt-LT":"ControlStrings_lt-lt_5257b69eac9e4e5db8738829aaf16d74.js","lv-LV":"ControlStrings_lv-lv_3fd3a1b292eadaed5cc61b80c848937c.js","nb-NO":"ControlStrings_nb-no_34e037a386dfeca33da95f594a622e07.js","nl-NL":"ControlStrings_nl-nl_3184187449ba1c39ede126e5b687db3d.js","pl-PL":"ControlStrings_pl-pl_d0055d37eff20ffeabe9938e4b808bd0.js","pt-PT":"ControlStrings_pt-pt_8013076ec280ba5871927db6550cceb6.js","ro-RO":"ControlStrings_ro-ro_2e8f31f8578d8a6e9c9d801992238b38.js","ru-RU":"ControlStrings_ru-ru_07a003ddec7e25aa15e9d31f647187b1.js","sk-SK":"ControlStrings_sk-sk_6f2307f29f2be5a75de14484eeda4e45.js","sr-Latn-RS":"ControlStrings_sr-latn-rs_1103271d75e8d077d6cc2b98975708b9.js","sv-SE":"ControlStrings_sv-se_f50379b73e0c5f97cbad79c390783226.js","tr-TR":"ControlStrings_tr-tr_aaba90d9dc0d8ff9e4256512bea6932d.js","vi-VN":"ControlStrings_vi-vn_b3252a807a9cfffb773227a5811f9c08.js","zh-CN":"ControlStrings_zh-cn_89616f440aedbee8e2049bcc3f7b7658.js","zh-TW":"ControlStrings_zh-tw_0bbafa42bb08c83cd21ac49d02b44315.js"},"defaultPath":"ControlStrings_en-us_0b10329b18350155d534458be0fe197a.js"},"@microsoft/sp-core-library":{"type":"component","id":"7263c7d0-1d6a-45ec-8d85-d4d1d234171b","version":"1.13.1"},"TeamShareBoxWebPartStrings":{"type":"localizedPath","paths":{"de-DE":"TeamShareBoxWebPartStrings_de-de_c69c484cc303d02e0063653aa13069c1.js","en-US":"TeamShareBoxWebPartStrings_en-us_d5118773099ff5b4b74696c8f77d1bb9.js","fr-FR":"TeamShareBoxWebPartStrings_fr-fr_74f9b25bb3fed095694a1b9b6ad95852.js","nl-NL":"TeamShareBoxWebPartStrings_nl-nl_de6cac7ed28e2035e3845275a0e080b3.js"},"defaultPath":"TeamShareBoxWebPartStrings_en-us_d5118773099ff5b4b74696c8f77d1bb9.js"},"@microsoft/sp-webpart-base":{"type":"component","id":"974a7777-0990-4136-8fa6-95d80114c2e0","version":"1.13.1"},"react":{"type":"component","id":"0d910c1c-13b9-4e1c-9aa4-b008c5e42d7d","version":"16.13.1"},"react-dom":{"type":"component","id":"aa0a46ec-1505-43cd-a44a-93f3a5aa460a","version":"16.13.1"},"@microsoft/sp-http":{"type":"component","id":"c07208f0-ea3b-4c1a-9965-ac1b825211a6","version":"1.13.1"}}}},{"id":"5fee950b-c50a-4dbe-a685-45000f20977f","alias":"LandingShareBoxWebPart","componentType":"WebPart","version":"0.0.1","manifestVersion":2,"requiresCustomScript":false,"supportedHosts":["SharePointWebPart"],"preconfiguredEntries":[{"groupId":"5c03119e-3074-46fd-976b-c60198311f70","group":{"default":"Other"},"title":{"default":"LandingShareBOX"},"description":{"default":"ShareBOX Logic landing"},"officeFabricIconFontName":"Page","properties":{"description":"LandingShareBOX"}}],"loaderConfig":{"internalModuleBaseUrls":["https://localhost:4321/dist/"],"entryModuleId":"landing-share-box-web-part","scriptResources":{"landing-share-box-web-part":{"type":"path","path":"landing-share-box-web-part_f490835ea583d19e5b22.js"},"@microsoft/sp-property-pane":{"type":"component","id":"f9e737b7-f0df-4597-ba8c-3060f82380db","version":"1.13.1"},"LandingShareBoxWebPartStrings":{"type":"path","path":"LandingShareBoxWebPartStrings_en-us_536e65149b0acf4d52c0043073b9fc59.js"},"@microsoft/sp-core-library":{"type":"component","id":"7263c7d0-1d6a-45ec-8d85-d4d1d234171b","version":"1.13.1"},"@microsoft/sp-webpart-base":{"type":"component","id":"974a7777-0990-4136-8fa6-95d80114c2e0","version":"1.13.1"},"react":{"type":"component","id":"0d910c1c-13b9-4e1c-9aa4-b008c5e42d7d","version":"16.13.1"},"react-dom":{"type":"component","id":"aa0a46ec-1505-43cd-a44a-93f3a5aa460a","version":"16.13.1"}}}},{"id":"2897f75f-bee2-48eb-9ba3-45e246dc1da0","alias":"RequestDeletionWebPart","componentType":"WebPart","version":"0.0.1","manifestVersion":2,"requiresCustomScript":false,"supportedHosts":["SharePointWebPart"],"preconfiguredEntries":[{"groupId":"5c03119e-3074-46fd-976b-c60198311f70","group":{"default":"Other"},"title":{"default":"requestDeletion"},"description":{"default":"Request your ShareBOX Deletion"},"officeFabricIconFontName":"Page","properties":{"description":"requestDeletion"}}],"loaderConfig":{"internalModuleBaseUrls":["https://localhost:4321/dist/"],"entryModuleId":"request-deletion-web-part","scriptResources":{"request-deletion-web-part":{"type":"path","path":"request-deletion-web-part_0acfbab9cba801e9008c.js"},"@microsoft/sp-property-pane":{"type":"component","id":"f9e737b7-f0df-4597-ba8c-3060f82380db","version":"1.13.1"},"@microsoft/sp-core-library":{"type":"component","id":"7263c7d0-1d6a-45ec-8d85-d4d1d234171b","version":"1.13.1"},"RequestDeletionWebPartStrings":{"type":"localizedPath","paths":{"de-DE":"RequestDeletionWebPartStrings_de-de_59620cad278ad6a9ed045c5351febb6d.js","en-US":"RequestDeletionWebPartStrings_en-us_5059c55272c8df10f851fb6c20d49e99.js","fr-FR":"RequestDeletionWebPartStrings_fr-fr_ec6f4460395e62cfae8b049bb3d149e2.js","nl-NL":"RequestDeletionWebPartStrings_nl-nl_86a5216630036513facaf881baa0195f.js"},"defaultPath":"RequestDeletionWebPartStrings_en-us_5059c55272c8df10f851fb6c20d49e99.js"},"@microsoft/sp-webpart-base":{"type":"component","id":"974a7777-0990-4136-8fa6-95d80114c2e0","version":"1.13.1"},"react":{"type":"component","id":"0d910c1c-13b9-4e1c-9aa4-b008c5e42d7d","version":"16.13.1"},"react-dom":{"type":"component","id":"aa0a46ec-1505-43cd-a44a-93f3a5aa460a","version":"16.13.1"}}}},{"id":"6992d903-8a26-4373-a73a-229f7dfb2220","alias":"AccessReportsWebPart","componentType":"WebPart","version":"0.0.1","manifestVersion":2,"requiresCustomScript":false,"supportedHosts":["SharePointWebPart"],"preconfiguredEntries":[{"groupId":"5c03119e-3074-46fd-976b-c60198311f70","group":{"default":"Other"},"title":{"default":"Access Reports"},"description":{"default":"Access entity reports"},"officeFabricIconFontName":"Page","properties":{"description":"Access Reports"}}],"loaderConfig":{"internalModuleBaseUrls":["https://localhost:4321/dist/"],"entryModuleId":"access-reports-web-part","scriptResources":{"access-reports-web-part":{"type":"path","path":"access-reports-web-part_607cd1fba38390f8030e.js"},"@microsoft/sp-property-pane":{"type":"component","id":"f9e737b7-f0df-4597-ba8c-3060f82380db","version":"1.13.1"},"AccessReportsWebPartStrings":{"type":"path","path":"AccessReportsWebPartStrings_en-us_536e65149b0acf4d52c0043073b9fc59.js"},"@microsoft/sp-core-library":{"type":"component","id":"7263c7d0-1d6a-45ec-8d85-d4d1d234171b","version":"1.13.1"},"@microsoft/sp-webpart-base":{"type":"component","id":"974a7777-0990-4136-8fa6-95d80114c2e0","version":"1.13.1"},"react":{"type":"component","id":"0d910c1c-13b9-4e1c-9aa4-b008c5e42d7d","version":"16.13.1"},"react-dom":{"type":"component","id":"aa0a46ec-1505-43cd-a44a-93f3a5aa460a","version":"16.13.1"}}}},{"id":"cb8ac9ed-cf85-4d14-b8ba-5d6d23ce86fd","alias":"MyTeamsShareBoxWebPart","componentType":"WebPart","version":"0.0.1","manifestVersion":2,"requiresCustomScript":false,"supportedHosts":["SharePointWebPart"],"preconfiguredEntries":[{"groupId":"5c03119e-3074-46fd-976b-c60198311f70","group":{"default":"Other"},"title":{"default":"MyTeamsShareBOX"},"description":{"default":"Display all my Teams ShareBOX"},"officeFabricIconFontName":"Page","properties":{"description":"MyTeamsShareBOX"}}],"loaderConfig":{"internalModuleBaseUrls":["https://localhost:4321/dist/"],"entryModuleId":"my-teams-share-box-web-part","scriptResources":{"my-teams-share-box-web-part":{"type":"path","path":"my-teams-share-box-web-part_3a63c5df9c992a69ccad.js"},"@microsoft/sp-property-pane":{"type":"component","id":"f9e737b7-f0df-4597-ba8c-3060f82380db","version":"1.13.1"},"MyTeamsShareBoxWebPartStrings":{"type":"path","path":"MyTeamsShareBoxWebPartStrings_en-us_536e65149b0acf4d52c0043073b9fc59.js"},"@microsoft/sp-core-library":{"type":"component","id":"7263c7d0-1d6a-45ec-8d85-d4d1d234171b","version":"1.13.1"},"@microsoft/sp-webpart-base":{"type":"component","id":"974a7777-0990-4136-8fa6-95d80114c2e0","version":"1.13.1"},"react":{"type":"component","id":"0d910c1c-13b9-4e1c-9aa4-b008c5e42d7d","version":"16.13.1"},"react-dom":{"type":"component","id":"aa0a46ec-1505-43cd-a44a-93f3a5aa460a","version":"16.13.1"}}}},{"id":"9750e862-c720-4d8d-9f07-50e5567eea71","alias":"RenameTeamShareBoxWebPart","componentType":"WebPart","version":"0.0.1","manifestVersion":2,"requiresCustomScript":false,"supportedHosts":["SharePointWebPart","TeamsPersonalApp","TeamsTab","SharePointFullPage"],"supportsThemeVariants":true,"preconfiguredEntries":[{"groupId":"5c03119e-3074-46fd-976b-c60198311f70","group":{"default":"Other"},"title":{"default":"RenameTeamShareBOX"},"description":{"default":"Rename team ShareBOX Request"},"officeFabricIconFontName":"Page","properties":{"description":"RenameTeamShareBOX"}}],"loaderConfig":{"internalModuleBaseUrls":["https://localhost:4321/dist/"],"entryModuleId":"rename-team-share-box-web-part","scriptResources":{"rename-team-share-box-web-part":{"type":"path","path":"rename-team-share-box-web-part_aed80474da76190f6d1b.js"},"@microsoft/sp-property-pane":{"type":"component","id":"f9e737b7-f0df-4597-ba8c-3060f82380db","version":"1.13.1"},"RenameTeamShareBoxWebPartStrings":{"type":"localizedPath","paths":{"en-US":"RenameTeamShareBoxWebPartStrings_en-us_9239d93621a617b45474544b0c6cf9af.js","fr-FR":"RenameTeamShareBoxWebPartStrings_fr-fr_a9c2aae6cb6ab69846f248b82826e429.js"},"defaultPath":"RenameTeamShareBoxWebPartStrings_en-us_9239d93621a617b45474544b0c6cf9af.js"},"@microsoft/sp-core-library":{"type":"component","id":"7263c7d0-1d6a-45ec-8d85-d4d1d234171b","version":"1.13.1"},"@microsoft/sp-webpart-base":{"type":"component","id":"974a7777-0990-4136-8fa6-95d80114c2e0","version":"1.13.1"},"react":{"type":"component","id":"0d910c1c-13b9-4e1c-9aa4-b008c5e42d7d","version":"16.13.1"},"react-dom":{"type":"component","id":"aa0a46ec-1505-43cd-a44a-93f3a5aa460a","version":"16.13.1"}}}},{"id":"4caf4fdc-37a8-4ac0-baf4-f283a7235a0e","alias":"RequestTeamDeletionWebPart","componentType":"WebPart","version":"0.0.1","manifestVersion":2,"requiresCustomScript":false,"supportedHosts":["SharePointWebPart","TeamsPersonalApp","TeamsTab","SharePointFullPage"],"supportsThemeVariants":true,"preconfiguredEntries":[{"groupId":"5c03119e-3074-46fd-976b-c60198311f70","group":{"default":"Other"},"title":{"default":"RequestTeamDeletion"},"description":{"default":"Requet Team Deletion"},"officeFabricIconFontName":"Page","properties":{"description":"RequestTeamDeletion"}}],"loaderConfig":{"internalModuleBaseUrls":["https://localhost:4321/dist/"],"entryModuleId":"request-team-deletion-web-part","scriptResources":{"request-team-deletion-web-part":{"type":"path","path":"request-team-deletion-web-part_87292e56787b376467d1.js"},"@microsoft/sp-property-pane":{"type":"component","id":"f9e737b7-f0df-4597-ba8c-3060f82380db","version":"1.13.1"},"RequestTeamDeletionWebPartStrings":{"type":"localizedPath","paths":{"en-US":"RequestTeamDeletionWebPartStrings_en-us_ee5393977d4ee1a209ce79f9ee547121.js","fr-FR":"RequestTeamDeletionWebPartStrings_fr-fr_b47d994ebb3355bab7c962fcf74e70c2.js"},"defaultPath":"RequestTeamDeletionWebPartStrings_en-us_ee5393977d4ee1a209ce79f9ee547121.js"},"@microsoft/sp-core-library":{"type":"component","id":"7263c7d0-1d6a-45ec-8d85-d4d1d234171b","version":"1.13.1"},"@microsoft/sp-webpart-base":{"type":"component","id":"974a7777-0990-4136-8fa6-95d80114c2e0","version":"1.13.1"},"react":{"type":"component","id":"0d910c1c-13b9-4e1c-9aa4-b008c5e42d7d","version":"16.13.1"},"react-dom":{"type":"component","id":"aa0a46ec-1505-43cd-a44a-93f3a5aa460a","version":"16.13.1"}}}}]