<?xml version="1.0" encoding="utf-8"?>
<helpItems schema="maml" xmlns="http://msh">
  <command:command xmlns:maml="http://schemas.microsoft.com/maml/2004/10" xmlns:command="http://schemas.microsoft.com/maml/dev/command/2004/10" xmlns:dev="http://schemas.microsoft.com/maml/dev/2004/10" xmlns:MSHelp="http://msdn.microsoft.com/mshelp">
    <command:details>
      <command:name>New-AzServiceBusAuthorizationRuleSASToken</command:name>
      <command:verb>New</command:verb>
      <command:noun>AzServiceBusAuthorizationRuleSASToken</command:noun>
      <maml:description>
        <maml:para>Generates a SAS token for Azure servicebus authorization rule of namespace/queue/topic.</maml:para>
      </maml:description>
    </command:details>
    <maml:description>
      <maml:para>The New-AzServiceBusAuthorizationRuleSASToken cmdlet generates a Shared Access Signature (SAS) token for an Azure Eventhub Namesapce or Azure Eventhub</maml:para>
    </maml:description>
    <command:syntax>
      <command:syntaxItem>
        <maml:name>New-AzServiceBusAuthorizationRuleSASToken</maml:name>
        <command:parameter required="true" variableLength="true" globbing="false" pipelineInput="True (ByPropertyName)" position="0" aliases="ResourceId">
          <maml:name>AuthorizationRuleId</maml:name>
          <maml:description>
            <maml:para>ARM ResourceId of the Authorization Rule</maml:para>
          </maml:description>
          <command:parameterValue required="true" variableLength="false">System.String</command:parameterValue>
          <dev:type>
            <maml:name>System.String</maml:name>
            <maml:uri />
          </dev:type>
          <dev:defaultValue>None</dev:defaultValue>
        </command:parameter>
        <command:parameter required="true" variableLength="true" globbing="false" pipelineInput="True (ByPropertyName)" position="1" aliases="none">
          <maml:name>KeyType</maml:name>
          <maml:description>
            <maml:para>Key Type</maml:para>
          </maml:description>
          <command:parameterValue required="true" variableLength="false">System.String</command:parameterValue>
          <dev:type>
            <maml:name>System.String</maml:name>
            <maml:uri />
          </dev:type>
          <dev:defaultValue>None</dev:defaultValue>
        </command:parameter>
        <command:parameter required="true" variableLength="true" globbing="false" pipelineInput="True (ByPropertyName)" position="2" aliases="none">
          <maml:name>ExpiryTime</maml:name>
          <maml:description>
            <maml:para>Expiry Time</maml:para>
          </maml:description>
          <command:parameterValue required="true" variableLength="false">System.Nullable`1[System.DateTime]</command:parameterValue>
          <dev:type>
            <maml:name>System.Nullable`1[System.DateTime]</maml:name>
            <maml:uri />
          </dev:type>
          <dev:defaultValue>None</dev:defaultValue>
        </command:parameter>
        <command:parameter required="false" variableLength="true" globbing="false" pipelineInput="False" position="named" aliases="AzContext, AzureRmContext, AzureCredential">
          <maml:name>DefaultProfile</maml:name>
          <maml:description>
            <maml:para>The credentials, account, tenant, and subscription used for communication with Azure.</maml:para>
          </maml:description>
          <command:parameterValue required="true" variableLength="false">Microsoft.Azure.Commands.Common.Authentication.Abstractions.Core.IAzureContextContainer</command:parameterValue>
          <dev:type>
            <maml:name>Microsoft.Azure.Commands.Common.Authentication.Abstractions.Core.IAzureContextContainer</maml:name>
            <maml:uri />
          </dev:type>
          <dev:defaultValue>None</dev:defaultValue>
        </command:parameter>
        <command:parameter required="false" variableLength="true" globbing="false" pipelineInput="True (ByPropertyName)" position="named" aliases="none">
          <maml:name>StartTime</maml:name>
          <maml:description>
            <maml:para>Start Time</maml:para>
          </maml:description>
          <command:parameterValue required="true" variableLength="false">System.Nullable`1[System.DateTime]</command:parameterValue>
          <dev:type>
            <maml:name>System.Nullable`1[System.DateTime]</maml:name>
            <maml:uri />
          </dev:type>
          <dev:defaultValue>None</dev:defaultValue>
        </command:parameter>
        <command:parameter required="false" variableLength="true" globbing="false" pipelineInput="False" position="named" aliases="cf">
          <maml:name>Confirm</maml:name>
          <maml:description>
            <maml:para>Prompts you for confirmation before running the cmdlet.</maml:para>
          </maml:description>
          <dev:type>
            <maml:name>System.Management.Automation.SwitchParameter</maml:name>
            <maml:uri />
          </dev:type>
          <dev:defaultValue>False</dev:defaultValue>
        </command:parameter>
        <command:parameter required="false" variableLength="true" globbing="false" pipelineInput="False" position="named" aliases="wi">
          <maml:name>WhatIf</maml:name>
          <maml:description>
            <maml:para>Shows what would happen if the cmdlet runs. The cmdlet is not run.</maml:para>
          </maml:description>
          <dev:type>
            <maml:name>System.Management.Automation.SwitchParameter</maml:name>
            <maml:uri />
          </dev:type>
          <dev:defaultValue>False</dev:defaultValue>
        </command:parameter>
      </command:syntaxItem>
    </command:syntax>
    <command:parameters>
      <command:parameter required="true" variableLength="true" globbing="false" pipelineInput="True (ByPropertyName)" position="0" aliases="ResourceId">
        <maml:name>AuthorizationRuleId</maml:name>
        <maml:description>
          <maml:para>ARM ResourceId of the Authorization Rule</maml:para>
        </maml:description>
        <command:parameterValue required="true" variableLength="false">System.String</command:parameterValue>
        <dev:type>
          <maml:name>System.String</maml:name>
          <maml:uri />
        </dev:type>
        <dev:defaultValue>None</dev:defaultValue>
      </command:parameter>
      <command:parameter required="false" variableLength="true" globbing="false" pipelineInput="False" position="named" aliases="AzContext, AzureRmContext, AzureCredential">
        <maml:name>DefaultProfile</maml:name>
        <maml:description>
          <maml:para>The credentials, account, tenant, and subscription used for communication with Azure.</maml:para>
        </maml:description>
        <command:parameterValue required="true" variableLength="false">Microsoft.Azure.Commands.Common.Authentication.Abstractions.Core.IAzureContextContainer</command:parameterValue>
        <dev:type>
          <maml:name>Microsoft.Azure.Commands.Common.Authentication.Abstractions.Core.IAzureContextContainer</maml:name>
          <maml:uri />
        </dev:type>
        <dev:defaultValue>None</dev:defaultValue>
      </command:parameter>
      <command:parameter required="true" variableLength="true" globbing="false" pipelineInput="True (ByPropertyName)" position="2" aliases="none">
        <maml:name>ExpiryTime</maml:name>
        <maml:description>
          <maml:para>Expiry Time</maml:para>
        </maml:description>
        <command:parameterValue required="true" variableLength="false">System.Nullable`1[System.DateTime]</command:parameterValue>
        <dev:type>
          <maml:name>System.Nullable`1[System.DateTime]</maml:name>
          <maml:uri />
        </dev:type>
        <dev:defaultValue>None</dev:defaultValue>
      </command:parameter>
      <command:parameter required="true" variableLength="true" globbing="false" pipelineInput="True (ByPropertyName)" position="1" aliases="none">
        <maml:name>KeyType</maml:name>
        <maml:description>
          <maml:para>Key Type</maml:para>
        </maml:description>
        <command:parameterValue required="true" variableLength="false">System.String</command:parameterValue>
        <dev:type>
          <maml:name>System.String</maml:name>
          <maml:uri />
        </dev:type>
        <dev:defaultValue>None</dev:defaultValue>
      </command:parameter>
      <command:parameter required="false" variableLength="true" globbing="false" pipelineInput="True (ByPropertyName)" position="named" aliases="none">
        <maml:name>StartTime</maml:name>
        <maml:description>
          <maml:para>Start Time</maml:para>
        </maml:description>
        <command:parameterValue required="true" variableLength="false">System.Nullable`1[System.DateTime]</command:parameterValue>
        <dev:type>
          <maml:name>System.Nullable`1[System.DateTime]</maml:name>
          <maml:uri />
        </dev:type>
        <dev:defaultValue>None</dev:defaultValue>
      </command:parameter>
      <command:parameter required="false" variableLength="true" globbing="false" pipelineInput="False" position="named" aliases="cf">
        <maml:name>Confirm</maml:name>
        <maml:description>
          <maml:para>Prompts you for confirmation before running the cmdlet.</maml:para>
        </maml:description>
        <command:parameterValue required="true" variableLength="false">System.Management.Automation.SwitchParameter</command:parameterValue>
        <dev:type>
          <maml:name>System.Management.Automation.SwitchParameter</maml:name>
          <maml:uri />
        </dev:type>
        <dev:defaultValue>False</dev:defaultValue>
      </command:parameter>
      <command:parameter required="false" variableLength="true" globbing="false" pipelineInput="False" position="named" aliases="wi">
        <maml:name>WhatIf</maml:name>
        <maml:description>
          <maml:para>Shows what would happen if the cmdlet runs. The cmdlet is not run.</maml:para>
        </maml:description>
        <command:parameterValue required="true" variableLength="false">System.Management.Automation.SwitchParameter</command:parameterValue>
        <dev:type>
          <maml:name>System.Management.Automation.SwitchParameter</maml:name>
          <maml:uri />
        </dev:type>
        <dev:defaultValue>False</dev:defaultValue>
      </command:parameter>
    </command:parameters>
    <command:inputTypes>
      <command:inputType>
        <dev:type>
          <maml:name>System.String</maml:name>
        </dev:type>
        <maml:description>
          <maml:para></maml:para>
        </maml:description>
      </command:inputType>
      <command:inputType>
        <dev:type>
          <maml:name>System.Nullable`1[[System.DateTime, mscorlib, Version=4.0.0.0, Culture=neutral, PublicKeyToken=b77a5c561934e089]]</maml:name>
        </dev:type>
        <maml:description>
          <maml:para></maml:para>
        </maml:description>
      </command:inputType>
    </command:inputTypes>
    <command:returnValues>
      <command:returnValue>
        <dev:type>
          <maml:name>Microsoft.Azure.Commands.ServiceBus.Models.PSSharedAccessSignatureAttributes</maml:name>
        </dev:type>
        <maml:description>
          <maml:para></maml:para>
        </maml:description>
      </command:returnValue>
    </command:returnValues>
    <maml:alertSet>
      <maml:alert>
        <maml:para></maml:para>
      </maml:alert>
    </maml:alertSet>
    <command:examples>
      <command:example>
        <maml:title>-------------------------- Example 1 --------------------------</maml:title>
        <dev:code>$StartTime = Get-Date
$EndTime = $StartTime.AddHours(2.0)
$SasToken = New-AzServiceBusAuthorizationRuleSASToken -AuthorizationRuleId $updatedAuthRule.Id  -KeyType Primary -ExpiryTime $EndTime -StartTime $StartTime</dev:code>
        <dev:remarks>
          <maml:para>Generate SAS token for the given authorization rule for Namespace with start and expiry time..</maml:para>
<maml:para></maml:para>
<maml:para></maml:para>
        </dev:remarks>
      </command:example>
      <command:example>
        <maml:title>-------------------------- Example 2 --------------------------</maml:title>
        <dev:code>$StartTime = Get-Date
$EndTime = $StartTime.AddHours(2.0)
$SasToken = New-AzServiceBusAuthorizationRuleSASToken -AuthorizationRuleId $updatedAuthRule.Id  -KeyType Primary -ExpiryTime $EndTime</dev:code>
        <dev:remarks>
          <maml:para>Generate SAS token for the given authorization rule for Namespace with expiry time.</maml:para>
<maml:para></maml:para>
<maml:para></maml:para>
        </dev:remarks>
      </command:example>
    </command:examples>
    <command:relatedLinks>
      <maml:navigationLink>
        <maml:linkText>Online Version:</maml:linkText>
        <maml:uri>https://learn.microsoft.com/powershell/module/az.servicebus/new-azservicebusauthorizationrulesastoken</maml:uri>
      </maml:navigationLink>
    </command:relatedLinks>
  </command:command>
  <command:command xmlns:maml="http://schemas.microsoft.com/maml/2004/10" xmlns:command="http://schemas.microsoft.com/maml/dev/command/2004/10" xmlns:dev="http://schemas.microsoft.com/maml/dev/2004/10" xmlns:MSHelp="http://msdn.microsoft.com/mshelp">
    <command:details>
      <command:name>Test-AzServiceBusNameAvailability</command:name>
      <command:verb>Test</command:verb>
      <command:noun>AzServiceBusNameAvailability</command:noun>
      <maml:description>
        <maml:para>Checks the Availability of the given Queue or Topic name</maml:para>
      </maml:description>
    </command:details>
    <maml:description>
      <maml:para>The Test-AzServiceBusNameAvailability Cmdlet Check Availability of the provided Name of Queue or Topic</maml:para>
    </maml:description>
    <command:syntax>
      <command:syntaxItem>
        <maml:name>Test-AzServiceBusNameAvailability</maml:name>
        <command:parameter required="true" variableLength="true" globbing="false" pipelineInput="True (ByPropertyName)" position="0" aliases="ResourceGroup">
          <maml:name>ResourceGroupName</maml:name>
          <maml:description>
            <maml:para>Resource Group Name</maml:para>
          </maml:description>
          <command:parameterValue required="true" variableLength="false">System.String</command:parameterValue>
          <dev:type>
            <maml:name>System.String</maml:name>
            <maml:uri />
          </dev:type>
          <dev:defaultValue>None</dev:defaultValue>
        </command:parameter>
        <command:parameter required="true" variableLength="true" globbing="false" pipelineInput="True (ByPropertyName)" position="1" aliases="NamespaceName">
          <maml:name>Namespace</maml:name>
          <maml:description>
            <maml:para>Servicebus Namespace Name</maml:para>
          </maml:description>
          <command:parameterValue required="true" variableLength="false">System.String</command:parameterValue>
          <dev:type>
            <maml:name>System.String</maml:name>
            <maml:uri />
          </dev:type>
          <dev:defaultValue>None</dev:defaultValue>
        </command:parameter>
        <command:parameter required="true" variableLength="true" globbing="false" pipelineInput="True (ByPropertyName)" position="2" aliases="none">
          <maml:name>Name</maml:name>
          <maml:description>
            <maml:para>Queue Name to check the Name Availability</maml:para>
          </maml:description>
          <command:parameterValue required="true" variableLength="false">System.String</command:parameterValue>
          <dev:type>
            <maml:name>System.String</maml:name>
            <maml:uri />
          </dev:type>
          <dev:defaultValue>None</dev:defaultValue>
        </command:parameter>
        <command:parameter required="false" variableLength="true" globbing="false" pipelineInput="False" position="named" aliases="AzContext, AzureRmContext, AzureCredential">
          <maml:name>DefaultProfile</maml:name>
          <maml:description>
            <maml:para>The credentials, account, tenant, and subscription used for communication with Azure.</maml:para>
          </maml:description>
          <command:parameterValue required="true" variableLength="false">Microsoft.Azure.Commands.Common.Authentication.Abstractions.Core.IAzureContextContainer</command:parameterValue>
          <dev:type>
            <maml:name>Microsoft.Azure.Commands.Common.Authentication.Abstractions.Core.IAzureContextContainer</maml:name>
            <maml:uri />
          </dev:type>
          <dev:defaultValue>None</dev:defaultValue>
        </command:parameter>
        <command:parameter required="true" variableLength="true" globbing="false" pipelineInput="False" position="named" aliases="none">
          <maml:name>Queue</maml:name>
          <maml:description>
            <maml:para>To Check Name Availability for Queue Name</maml:para>
          </maml:description>
          <dev:type>
            <maml:name>System.Management.Automation.SwitchParameter</maml:name>
            <maml:uri />
          </dev:type>
          <dev:defaultValue>False</dev:defaultValue>
        </command:parameter>
      </command:syntaxItem>
      <command:syntaxItem>
        <maml:name>Test-AzServiceBusNameAvailability</maml:name>
        <command:parameter required="true" variableLength="true" globbing="false" pipelineInput="True (ByPropertyName)" position="0" aliases="ResourceGroup">
          <maml:name>ResourceGroupName</maml:name>
          <maml:description>
            <maml:para>Resource Group Name</maml:para>
          </maml:description>
          <command:parameterValue required="true" variableLength="false">System.String</command:parameterValue>
          <dev:type>
            <maml:name>System.String</maml:name>
            <maml:uri />
          </dev:type>
          <dev:defaultValue>None</dev:defaultValue>
        </command:parameter>
        <command:parameter required="true" variableLength="true" globbing="false" pipelineInput="True (ByPropertyName)" position="1" aliases="NamespaceName">
          <maml:name>Namespace</maml:name>
          <maml:description>
            <maml:para>Servicebus Namespace Name</maml:para>
          </maml:description>
          <command:parameterValue required="true" variableLength="false">System.String</command:parameterValue>
          <dev:type>
            <maml:name>System.String</maml:name>
            <maml:uri />
          </dev:type>
          <dev:defaultValue>None</dev:defaultValue>
        </command:parameter>
        <command:parameter required="true" variableLength="true" globbing="false" pipelineInput="True (ByPropertyName)" position="2" aliases="none">
          <maml:name>Name</maml:name>
          <maml:description>
            <maml:para>Queue Name to check the Name Availability</maml:para>
          </maml:description>
          <command:parameterValue required="true" variableLength="false">System.String</command:parameterValue>
          <dev:type>
            <maml:name>System.String</maml:name>
            <maml:uri />
          </dev:type>
          <dev:defaultValue>None</dev:defaultValue>
        </command:parameter>
        <command:parameter required="false" variableLength="true" globbing="false" pipelineInput="False" position="named" aliases="AzContext, AzureRmContext, AzureCredential">
          <maml:name>DefaultProfile</maml:name>
          <maml:description>
            <maml:para>The credentials, account, tenant, and subscription used for communication with Azure.</maml:para>
          </maml:description>
          <command:parameterValue required="true" variableLength="false">Microsoft.Azure.Commands.Common.Authentication.Abstractions.Core.IAzureContextContainer</command:parameterValue>
          <dev:type>
            <maml:name>Microsoft.Azure.Commands.Common.Authentication.Abstractions.Core.IAzureContextContainer</maml:name>
            <maml:uri />
          </dev:type>
          <dev:defaultValue>None</dev:defaultValue>
        </command:parameter>
        <command:parameter required="true" variableLength="true" globbing="false" pipelineInput="False" position="named" aliases="none">
          <maml:name>Topic</maml:name>
          <maml:description>
            <maml:para>To Check Name Availability for Topic Name</maml:para>
          </maml:description>
          <dev:type>
            <maml:name>System.Management.Automation.SwitchParameter</maml:name>
            <maml:uri />
          </dev:type>
          <dev:defaultValue>False</dev:defaultValue>
        </command:parameter>
      </command:syntaxItem>
    </command:syntax>
    <command:parameters>
      <command:parameter required="false" variableLength="true" globbing="false" pipelineInput="False" position="named" aliases="AzContext, AzureRmContext, AzureCredential">
        <maml:name>DefaultProfile</maml:name>
        <maml:description>
          <maml:para>The credentials, account, tenant, and subscription used for communication with Azure.</maml:para>
        </maml:description>
        <command:parameterValue required="true" variableLength="false">Microsoft.Azure.Commands.Common.Authentication.Abstractions.Core.IAzureContextContainer</command:parameterValue>
        <dev:type>
          <maml:name>Microsoft.Azure.Commands.Common.Authentication.Abstractions.Core.IAzureContextContainer</maml:name>
          <maml:uri />
        </dev:type>
        <dev:defaultValue>None</dev:defaultValue>
      </command:parameter>
      <command:parameter required="true" variableLength="true" globbing="false" pipelineInput="True (ByPropertyName)" position="2" aliases="none">
        <maml:name>Name</maml:name>
        <maml:description>
          <maml:para>Queue Name to check the Name Availability</maml:para>
        </maml:description>
        <command:parameterValue required="true" variableLength="false">System.String</command:parameterValue>
        <dev:type>
          <maml:name>System.String</maml:name>
          <maml:uri />
        </dev:type>
        <dev:defaultValue>None</dev:defaultValue>
      </command:parameter>
      <command:parameter required="true" variableLength="true" globbing="false" pipelineInput="True (ByPropertyName)" position="1" aliases="NamespaceName">
        <maml:name>Namespace</maml:name>
        <maml:description>
          <maml:para>Servicebus Namespace Name</maml:para>
        </maml:description>
        <command:parameterValue required="true" variableLength="false">System.String</command:parameterValue>
        <dev:type>
          <maml:name>System.String</maml:name>
          <maml:uri />
        </dev:type>
        <dev:defaultValue>None</dev:defaultValue>
      </command:parameter>
      <command:parameter required="true" variableLength="true" globbing="false" pipelineInput="False" position="named" aliases="none">
        <maml:name>Queue</maml:name>
        <maml:description>
          <maml:para>To Check Name Availability for Queue Name</maml:para>
        </maml:description>
        <command:parameterValue required="true" variableLength="false">System.Management.Automation.SwitchParameter</command:parameterValue>
        <dev:type>
          <maml:name>System.Management.Automation.SwitchParameter</maml:name>
          <maml:uri />
        </dev:type>
        <dev:defaultValue>False</dev:defaultValue>
      </command:parameter>
      <command:parameter required="true" variableLength="true" globbing="false" pipelineInput="True (ByPropertyName)" position="0" aliases="ResourceGroup">
        <maml:name>ResourceGroupName</maml:name>
        <maml:description>
          <maml:para>Resource Group Name</maml:para>
        </maml:description>
        <command:parameterValue required="true" variableLength="false">System.String</command:parameterValue>
        <dev:type>
          <maml:name>System.String</maml:name>
          <maml:uri />
        </dev:type>
        <dev:defaultValue>None</dev:defaultValue>
      </command:parameter>
      <command:parameter required="true" variableLength="true" globbing="false" pipelineInput="False" position="named" aliases="none">
        <maml:name>Topic</maml:name>
        <maml:description>
          <maml:para>To Check Name Availability for Topic Name</maml:para>
        </maml:description>
        <command:parameterValue required="true" variableLength="false">System.Management.Automation.SwitchParameter</command:parameterValue>
        <dev:type>
          <maml:name>System.Management.Automation.SwitchParameter</maml:name>
          <maml:uri />
        </dev:type>
        <dev:defaultValue>False</dev:defaultValue>
      </command:parameter>
    </command:parameters>
    <command:inputTypes>
      <command:inputType>
        <dev:type>
          <maml:name>System.String</maml:name>
        </dev:type>
        <maml:description>
          <maml:para></maml:para>
        </maml:description>
      </command:inputType>
    </command:inputTypes>
    <command:returnValues>
      <command:returnValue>
        <dev:type>
          <maml:name>System.Boolean</maml:name>
        </dev:type>
        <maml:description>
          <maml:para></maml:para>
        </maml:description>
      </command:returnValue>
    </command:returnValues>
    <maml:alertSet>
      <maml:alert>
        <maml:para></maml:para>
      </maml:alert>
    </maml:alertSet>
    <command:examples>
      <command:example>
        <maml:title>-------------------------- Example 1 --------------------------</maml:title>
        <dev:code>Test-AzServiceBusNameAvailability -ResourceGroupName $resourceGroupName -Namespace $namespaceName -Name $nameQueue -Queue

True</dev:code>
        <dev:remarks>
          <maml:para>Returns True if the Provided $nameQueue name is Availabile or returns False if Provided $nameQueue name in not available</maml:para>
<maml:para></maml:para>
<maml:para></maml:para>
        </dev:remarks>
      </command:example>
      <command:example>
        <maml:title>-------------------------- Example 2 --------------------------</maml:title>
        <dev:code>Test-AzServiceBusNameAvailability -ResourceGroupName $resourceGroupName -Namespace $namespaceName -Name $nameTopic -Topic

True</dev:code>
        <dev:remarks>
          <maml:para>Returns True if the Provided $nameTopic name is Availabile or returns False if Provided $nameTopic name in not available</maml:para>
<maml:para></maml:para>
<maml:para></maml:para>
        </dev:remarks>
      </command:example>
    </command:examples>
    <command:relatedLinks>
      <maml:navigationLink>
        <maml:linkText>Online Version:</maml:linkText>
        <maml:uri>https://learn.microsoft.com/powershell/module/az.servicebus/test-azservicebusnameavailability</maml:uri>
      </maml:navigationLink>
    </command:relatedLinks>
  </command:command>
</helpItems>