{
  "id": "b8ae9b71-ef0f-4480-ba7e-b55e53aaad94",
  "alias": "OrphanAccessReviewWebPart",
  "componentType": "WebPart",
  "version": "0.0.1",
  "manifestVersion": 2,
  "requiresCustomScript": false,
  "supportedHosts": [
    "SharePointWebPart",
    "TeamsPersonalApp",
    "TeamsTab",
    "SharePointFullPage"
  ],
  "supportsThemeVariants": true,
  "preconfiguredEntries": [
    {
      "groupId": "5c03119e-3074-46fd-976b-c60198311f70",
      "group": {
        "default": "Other"
      },
      "title": {
        "default": "Orphan Access review"
      },
      "description": {
        "default": "Orphan access review"
      },
      "officeFabricIconFontName": "Page",
      "properties": {
        "description": "Orphan Access review"
      }
    }
  ],
  "loaderConfig": {
    "internalModuleBaseUrls": [
      "<!-- PATH TO CDN -->"
    ],
    "entryModuleId": "orphan-access-review-web-part",
    "scriptResources": {
      "orphan-access-review-web-part": {
        "type": "path",
        "path": "orphan-access-review-web-part_75328772b7991f780b99.js"
      },
      "@microsoft/sp-property-pane": {
        "type": "component",
        "id": "f9e737b7-f0df-4597-ba8c-3060f82380db",
        "version": "1.13.1"
      },
      "@microsoft/sp-lodash-subset": {
        "type": "component",
        "id": "73e1dc6c-8441-42cc-ad47-4bd3659f8a3a",
        "version": "1.13.1"
      },
      "OrphanAccessReviewWebPartStrings": {
        "type": "path",
        "path": "OrphanAccessReviewWebPartStrings_en-us_b41dd8b4c7f5f69692bd8f24e2b83745.js"
      },
      "@microsoft/sp-core-library": {
        "type": "component",
        "id": "7263c7d0-1d6a-45ec-8d85-d4d1d234171b",
        "version": "1.13.1"
      },
      "@microsoft/sp-webpart-base": {
        "type": "component",
        "id": "974a7777-0990-4136-8fa6-95d80114c2e0",
        "version": "1.13.1"
      },
      "react": {
        "type": "component",
        "id": "0d910c1c-13b9-4e1c-9aa4-b008c5e42d7d",
        "version": "16.13.1"
      },
      "react-dom": {
        "type": "component",
        "id": "aa0a46ec-1505-43cd-a44a-93f3a5aa460a",
        "version": "16.13.1"
      }
    }
  }
}