{
  "id": "e8934465-1ba9-4d7d-90ff-653cc19062cd",
  "alias": "RecertificationWebPart",
  "componentType": "WebPart",
  "version": "0.0.1",
  "manifestVersion": 2,
  "requiresCustomScript": false,
  "supportedHosts": [
    "SharePointWebPart",
    "TeamsPersonalApp",
    "TeamsTab",
    "SharePointFullPage"
  ],
  "supportsThemeVariants": true,
  "preconfiguredEntries": [
    {
      "groupId": "5c03119e-3074-46fd-976b-c60198311f70",
      "group": {
        "default": "Other"
      },
      "title": {
        "default": "Recertification"
      },
      "description": {
        "default": "Form Recertification"
      },
      "officeFabricIconFontName": "Page",
      "properties": {
        "description": "Recertification"
      }
    }
  ],
  "loaderConfig": {
    "internalModuleBaseUrls": [
      "<!-- PATH TO CDN -->"
    ],
    "entryModuleId": "recertification-web-part",
    "scriptResources": {
      "recertification-web-part": {
        "type": "path",
        "path": "recertification-web-part_2f23bebb658bbdbc727a.js"
      },
      "@microsoft/sp-property-pane": {
        "type": "component",
        "id": "f9e737b7-f0df-4597-ba8c-3060f82380db",
        "version": "1.13.1"
      },
      "RecertificationWebPartStrings": {
        "type": "localizedPath",
        "paths": {
          "en-US": "RecertificationWebPartStrings_en-us_b41dd8b4c7f5f69692bd8f24e2b83745.js",
          "fr-FR": "RecertificationWebPartStrings_fr-fr_b41dd8b4c7f5f69692bd8f24e2b83745.js"
        },
        "defaultPath": "RecertificationWebPartStrings_en-us_b41dd8b4c7f5f69692bd8f24e2b83745.js"
      },
      "@microsoft/sp-loader": {
        "type": "component",
        "id": "1c6c9123-7aac-41f3-a376-3caea41ed83f",
        "version": "1.13.1"
      },
      "@microsoft/sp-core-library": {
        "type": "component",
        "id": "7263c7d0-1d6a-45ec-8d85-d4d1d234171b",
        "version": "1.13.1"
      },
      "@microsoft/sp-webpart-base": {
        "type": "component",
        "id": "974a7777-0990-4136-8fa6-95d80114c2e0",
        "version": "1.13.1"
      },
      "react": {
        "type": "component",
        "id": "0d910c1c-13b9-4e1c-9aa4-b008c5e42d7d",
        "version": "16.13.1"
      },
      "react-dom": {
        "type": "component",
        "id": "aa0a46ec-1505-43cd-a44a-93f3a5aa460a",
        "version": "16.13.1"
      }
    }
  }
}